Entity,Code,Year,san_sm
Albania,ALB,2000,40.24
Albania,ALB,2001,40.52
Albania,ALB,2002,40.81
Albania,ALB,2003,41.09
Albania,ALB,2004,41.36
Albania,ALB,2005,41.88
Albania,ALB,2006,42.39
Albania,ALB,2007,42.89
Albania,ALB,2008,43.38
Albania,ALB,2009,43.84
Albania,ALB,2010,44.3
Albania,ALB,2011,44.73
Albania,ALB,2012,45.15
Albania,ALB,2013,45.56
Albania,ALB,2014,45.95
Albania,ALB,2015,46.33
Albania,ALB,2016,46.7
Albania,ALB,2017,47.05
Albania,ALB,2018,47.39
Albania,ALB,2019,47.58
Albania,ALB,2020,47.69
Algeria,DZA,2000,21.51
Algeria,DZA,2001,21.35
Algeria,DZA,2002,21.19
Algeria,DZA,2003,21.02
Algeria,DZA,2004,20.86
Algeria,DZA,2005,20.69
Algeria,DZA,2006,20.52
Algeria,DZA,2007,20.35
Algeria,DZA,2008,20.19
Algeria,DZA,2009,20.02
Algeria,DZA,2010,19.85
Algeria,DZA,2011,19.68
Algeria,DZA,2012,19.45
Algeria,DZA,2013,19.21
Algeria,DZA,2014,18.98
Algeria,DZA,2015,18.75
Algeria,DZA,2016,18.52
Algeria,DZA,2017,18.29
Algeria,DZA,2018,18.07
Algeria,DZA,2019,17.84
Algeria,DZA,2020,17.61
Andorra,AND,2000,14.6
Andorra,AND,2001,21.79
Andorra,AND,2002,28.97
Andorra,AND,2003,36.16
Andorra,AND,2004,43.34
Andorra,AND,2005,50.53
Andorra,AND,2006,57.71
Andorra,AND,2007,64.9
Andorra,AND,2008,72.08
Andorra,AND,2009,79.27
Andorra,AND,2010,86.45
Andorra,AND,2011,93.63
Andorra,AND,2012,100
Andorra,AND,2013,100
Andorra,AND,2014,100
Andorra,AND,2015,100
Andorra,AND,2016,100
Andorra,AND,2017,100
Andorra,AND,2018,100
Andorra,AND,2019,100
Andorra,AND,2020,100
Argentina,ARG,2000,47.84
Argentina,ARG,2001,48.05
Argentina,ARG,2002,48.26
Argentina,ARG,2003,48.47
Argentina,ARG,2004,48.69
Argentina,ARG,2005,48.9
Argentina,ARG,2006,49.11
Argentina,ARG,2007,49.33
Argentina,ARG,2008,49.54
Argentina,ARG,2009,49.76
Argentina,ARG,2010,49.97
Argentina,ARG,2011,50.19
Argentina,ARG,2012,50.4
Argentina,ARG,2013,50.62
Argentina,ARG,2014,50.83
Argentina,ARG,2015,51.05
Argentina,ARG,2016,51.26
Armenia,ARM,2000,46.26
Armenia,ARM,2001,46.35
Armenia,ARM,2002,46.43
Armenia,ARM,2003,46.51
Armenia,ARM,2004,46.58
Armenia,ARM,2005,46.66
Armenia,ARM,2006,48.1
Armenia,ARM,2007,49.52
Armenia,ARM,2008,50.97
Armenia,ARM,2009,52.43
Armenia,ARM,2010,53.91
Armenia,ARM,2011,55.41
Armenia,ARM,2012,56.93
Armenia,ARM,2013,58.46
Armenia,ARM,2014,60.02
Armenia,ARM,2015,61.6
Armenia,ARM,2016,63.14
Armenia,ARM,2017,64.61
Armenia,ARM,2018,66.11
Armenia,ARM,2019,67.76
Armenia,ARM,2020,69.33
Australia,AUS,2000,58.79
Australia,AUS,2001,58.79
Australia,AUS,2002,58.79
Australia,AUS,2003,58.79
Australia,AUS,2004,58.79
Australia,AUS,2005,59.76
Australia,AUS,2006,60.72
Australia,AUS,2007,61.69
Australia,AUS,2008,62.66
Australia,AUS,2009,63.62
Australia,AUS,2010,64.59
Australia,AUS,2011,65.56
Australia,AUS,2012,66.52
Australia,AUS,2013,67.49
Australia,AUS,2014,68.46
Australia,AUS,2015,69.42
Australia,AUS,2016,70.39
Australia,AUS,2017,71.36
Australia,AUS,2018,72.33
Australia,AUS,2019,73.29
Australia,AUS,2020,74.26
Australia and New Zealand,,2000,60.08
Australia and New Zealand,,2001,60.21
Australia and New Zealand,,2002,60.34
Australia and New Zealand,,2003,60.48
Australia and New Zealand,,2004,60.61
Australia and New Zealand,,2005,61.54
Australia and New Zealand,,2006,62.47
Australia and New Zealand,,2007,63.39
Australia and New Zealand,,2008,64.31
Australia and New Zealand,,2009,65.24
Australia and New Zealand,,2010,66.16
Australia and New Zealand,,2011,67.09
Australia and New Zealand,,2012,68.03
Australia and New Zealand,,2013,68.96
Australia and New Zealand,,2014,69.89
Australia and New Zealand,,2015,70.83
Australia and New Zealand,,2016,71.77
Australia and New Zealand,,2017,72.7
Australia and New Zealand,,2018,73.64
Australia and New Zealand,,2019,74.58
Australia and New Zealand,,2020,75.52
Austria,AUT,2000,99.68
Austria,AUT,2001,99.68
Austria,AUT,2002,99.68
Austria,AUT,2003,99.67
Austria,AUT,2004,99.67
Austria,AUT,2005,99.67
Austria,AUT,2006,99.66
Austria,AUT,2007,99.66
Austria,AUT,2008,99.65
Austria,AUT,2009,99.65
Austria,AUT,2010,99.64
Austria,AUT,2011,99.64
Austria,AUT,2012,99.64
Austria,AUT,2013,99.64
Austria,AUT,2014,99.64
Austria,AUT,2015,99.64
Austria,AUT,2016,99.64
Austria,AUT,2017,99.64
Austria,AUT,2018,99.64
Austria,AUT,2019,99.64
Austria,AUT,2020,99.64
Azerbaijan,AZE,2000,18.67
Azerbaijan,AZE,2001,19.6
Azerbaijan,AZE,2002,20.52
Azerbaijan,AZE,2003,21.45
Azerbaijan,AZE,2004,22.37
Azerbaijan,AZE,2005,23.12
Azerbaijan,AZE,2006,23.68
Azerbaijan,AZE,2007,24.19
Azerbaijan,AZE,2008,24.4
Azerbaijan,AZE,2009,24.51
Azerbaijan,AZE,2010,24.61
Azerbaijan,AZE,2011,24.7
Azerbaijan,AZE,2012,24.78
Azerbaijan,AZE,2013,24.84
Azerbaijan,AZE,2014,24.72
Azerbaijan,AZE,2015,24.52
Azerbaijan,AZE,2016,23.66
Azerbaijan,AZE,2017,22.79
Azerbaijan,AZE,2018,21.92
Azerbaijan,AZE,2019,21.04
Bahrain,BHR,2000,68.17
Bahrain,BHR,2001,69.38
Bahrain,BHR,2002,70.6
Bahrain,BHR,2003,71.81
Bahrain,BHR,2004,73.03
Bahrain,BHR,2005,74.24
Bahrain,BHR,2006,75.46
Bahrain,BHR,2007,76.67
Bahrain,BHR,2008,77.88
Bahrain,BHR,2009,79.1
Bahrain,BHR,2010,80.31
Bahrain,BHR,2011,81.53
Bahrain,BHR,2012,82.74
Bahrain,BHR,2013,83.95
Bahrain,BHR,2014,85.17
Bahrain,BHR,2015,86.38
Bahrain,BHR,2016,87.59
Bahrain,BHR,2017,88.81
Bahrain,BHR,2018,90.02
Bahrain,BHR,2019,91.23
Bahrain,BHR,2020,91.23
Bangladesh,BGD,2000,17.66
Bangladesh,BGD,2001,18.74
Bangladesh,BGD,2002,19.82
Bangladesh,BGD,2003,20.91
Bangladesh,BGD,2004,21.99
Bangladesh,BGD,2005,23.07
Bangladesh,BGD,2006,24.15
Bangladesh,BGD,2007,25.22
Bangladesh,BGD,2008,26.29
Bangladesh,BGD,2009,27.36
Bangladesh,BGD,2010,28.42
Bangladesh,BGD,2011,29.48
Bangladesh,BGD,2012,30.53
Bangladesh,BGD,2013,31.58
Bangladesh,BGD,2014,32.62
Bangladesh,BGD,2015,33.65
Bangladesh,BGD,2016,34.67
Bangladesh,BGD,2017,35.69
Bangladesh,BGD,2018,36.69
Bangladesh,BGD,2019,37.68
Bangladesh,BGD,2020,38.67
Belarus,BLR,2000,84.15
Belarus,BLR,2001,84.22
Belarus,BLR,2002,84.29
Belarus,BLR,2003,84.36
Belarus,BLR,2004,83.74
Belarus,BLR,2005,83.06
Belarus,BLR,2006,82.39
Belarus,BLR,2007,81.72
Belarus,BLR,2008,81.06
Belarus,BLR,2009,80.39
Belarus,BLR,2010,79.73
Belarus,BLR,2011,79.08
Belarus,BLR,2012,78.43
Belarus,BLR,2013,77.78
Belarus,BLR,2014,77.12
Belarus,BLR,2015,75.97
Belarus,BLR,2016,74.83
Belarus,BLR,2017,74.59
Belarus,BLR,2018,74.35
Belarus,BLR,2019,74.12
Belarus,BLR,2020,73.9
Belgium,BEL,2000,73.84
Belgium,BEL,2001,73.84
Belgium,BEL,2002,73.84
Belgium,BEL,2003,73.85
Belgium,BEL,2004,74.73
Belgium,BEL,2005,75.61
Belgium,BEL,2006,76.49
Belgium,BEL,2007,77.37
Belgium,BEL,2008,78.25
Belgium,BEL,2009,79.13
Belgium,BEL,2010,80.01
Belgium,BEL,2011,80.89
Belgium,BEL,2012,81.77
Belgium,BEL,2013,82.65
Belgium,BEL,2014,83.54
Belgium,BEL,2015,84.42
Belgium,BEL,2016,85.3
Belgium,BEL,2017,86.18
Belgium,BEL,2018,87.06
Belgium,BEL,2019,87.94
Belgium,BEL,2020,88.82
Bhutan,BTN,2000,62.13
Bhutan,BTN,2001,62.37
Bhutan,BTN,2002,62.87
Bhutan,BTN,2003,63.33
Bhutan,BTN,2004,63.76
Bhutan,BTN,2005,64.15
Bhutan,BTN,2006,64.44
Bhutan,BTN,2007,64.71
Bhutan,BTN,2008,64.96
Bhutan,BTN,2009,64.78
Bhutan,BTN,2010,64.56
Bhutan,BTN,2011,64.3
Bhutan,BTN,2012,64
Bhutan,BTN,2013,63.66
Bhutan,BTN,2014,63.29
Bhutan,BTN,2015,62.87
Bhutan,BTN,2016,62.91
Bhutan,BTN,2017,63.48
Bhutan,BTN,2018,64.05
Bhutan,BTN,2019,64.63
Bhutan,BTN,2020,65.22
Bolivia,BOL,2000,27.99
Bolivia,BOL,2001,28.91
Bolivia,BOL,2002,29.82
Bolivia,BOL,2003,30.73
Bolivia,BOL,2004,31.63
Bolivia,BOL,2005,32.53
Bolivia,BOL,2006,33.43
Bolivia,BOL,2007,34.72
Bolivia,BOL,2008,36.03
Bolivia,BOL,2009,37.35
Bolivia,BOL,2010,38.7
Bolivia,BOL,2011,40.06
Bolivia,BOL,2012,41.44
Bolivia,BOL,2013,42.82
Bolivia,BOL,2014,44.21
Bolivia,BOL,2015,45.62
Bolivia,BOL,2016,47.04
Bolivia,BOL,2017,48.49
Bolivia,BOL,2018,49.95
Bolivia,BOL,2019,51.43
Bolivia,BOL,2020,52.92
Bosnia and Herzegovina,BIH,2000,16.95
Bosnia and Herzegovina,BIH,2001,17.6
Bosnia and Herzegovina,BIH,2002,18.25
Bosnia and Herzegovina,BIH,2003,18.89
Bosnia and Herzegovina,BIH,2004,19.53
Bosnia and Herzegovina,BIH,2005,20.16
Bosnia and Herzegovina,BIH,2006,20.78
Bosnia and Herzegovina,BIH,2007,21.39
Bosnia and Herzegovina,BIH,2008,22
Bosnia and Herzegovina,BIH,2009,22.59
Bosnia and Herzegovina,BIH,2010,24.8
Bosnia and Herzegovina,BIH,2011,27.08
Bosnia and Herzegovina,BIH,2012,29.37
Bosnia and Herzegovina,BIH,2013,31.6
Bosnia and Herzegovina,BIH,2014,33.67
Bosnia and Herzegovina,BIH,2015,35.32
Bosnia and Herzegovina,BIH,2016,36.98
Bosnia and Herzegovina,BIH,2017,38.64
Bosnia and Herzegovina,BIH,2018,40.32
Brazil,BRA,2000,35.74
Brazil,BRA,2001,36.17
Brazil,BRA,2002,36.59
Brazil,BRA,2003,37
Brazil,BRA,2004,37.42
Brazil,BRA,2005,37.83
Brazil,BRA,2006,38.24
Brazil,BRA,2007,38.65
Brazil,BRA,2008,39.05
Brazil,BRA,2009,39.46
Brazil,BRA,2010,39.86
Brazil,BRA,2011,40.26
Brazil,BRA,2012,41.15
Brazil,BRA,2013,42.06
Brazil,BRA,2014,42.99
Brazil,BRA,2015,43.93
Brazil,BRA,2016,44.88
Brazil,BRA,2017,45.86
Brazil,BRA,2018,46.84
Brazil,BRA,2019,47.85
Brazil,BRA,2020,48.71
Bulgaria,BGR,2000,50.99
Bulgaria,BGR,2001,50.84
Bulgaria,BGR,2002,50.7
Bulgaria,BGR,2003,50.57
Bulgaria,BGR,2004,50.43
Bulgaria,BGR,2005,50.3
Bulgaria,BGR,2006,50.17
Bulgaria,BGR,2007,50.04
Bulgaria,BGR,2008,49.91
Bulgaria,BGR,2009,51.42
Bulgaria,BGR,2010,53.14
Bulgaria,BGR,2011,54.94
Bulgaria,BGR,2012,56.76
Bulgaria,BGR,2013,58.61
Bulgaria,BGR,2014,60.58
Bulgaria,BGR,2015,62.62
Bulgaria,BGR,2016,64.69
Bulgaria,BGR,2017,66.79
Bulgaria,BGR,2018,68.6
Bulgaria,BGR,2019,70.41
Bulgaria,BGR,2020,72.23
Canada,CAN,2000,77.57
Canada,CAN,2001,77.58
Canada,CAN,2002,77.58
Canada,CAN,2003,78.03
Canada,CAN,2004,78.48
Canada,CAN,2005,78.89
Canada,CAN,2006,79.28
Canada,CAN,2007,79.68
Canada,CAN,2008,80.07
Canada,CAN,2009,80.46
Canada,CAN,2010,80.85
Canada,CAN,2011,81.25
Canada,CAN,2012,81.64
Canada,CAN,2013,82.03
Canada,CAN,2014,82.42
Canada,CAN,2015,82.8
Canada,CAN,2016,83.19
Canada,CAN,2017,83.58
Canada,CAN,2018,83.97
Canada,CAN,2019,84.37
Canada,CAN,2020,84.37
Central African Republic,CAF,2000,19.68
Central African Republic,CAF,2001,19.63
Central African Republic,CAF,2002,19.59
Central African Republic,CAF,2003,19.54
Central African Republic,CAF,2004,19.49
Central African Republic,CAF,2005,19.09
Central African Republic,CAF,2006,18.69
Central African Republic,CAF,2007,18.3
Central African Republic,CAF,2008,17.91
Central African Republic,CAF,2009,17.53
Central African Republic,CAF,2010,17.16
Central African Republic,CAF,2011,16.78
Central African Republic,CAF,2012,16.42
Central African Republic,CAF,2013,16.05
Central African Republic,CAF,2014,15.7
Central African Republic,CAF,2015,15.34
Central African Republic,CAF,2016,14.99
Central African Republic,CAF,2017,14.64
Central African Republic,CAF,2018,14.29
Central African Republic,CAF,2019,13.95
Central African Republic,CAF,2020,13.6
Central and Southern Asia,,2000,12.92
Central and Southern Asia,,2001,13.79
Central and Southern Asia,,2002,14.84
Central and Southern Asia,,2003,16.53
Central and Southern Asia,,2004,18.64
Central and Southern Asia,,2005,20.34
Central and Southern Asia,,2006,22.04
Central and Southern Asia,,2007,23.79
Central and Southern Asia,,2008,25.54
Central and Southern Asia,,2009,27.3
Central and Southern Asia,,2010,29.06
Central and Southern Asia,,2011,30.83
Central and Southern Asia,,2012,32.61
Central and Southern Asia,,2013,34.39
Central and Southern Asia,,2014,36.17
Central and Southern Asia,,2015,37.95
Central and Southern Asia,,2016,39.73
Central and Southern Asia,,2017,41.51
Central and Southern Asia,,2018,43.21
Central and Southern Asia,,2019,44.89
Central and Southern Asia,,2020,46.57
Chad,TCD,2000,8.6
Chad,TCD,2001,8.63
Chad,TCD,2002,8.65
Chad,TCD,2003,8.67
Chad,TCD,2004,8.69
Chad,TCD,2005,8.71
Chad,TCD,2006,8.74
Chad,TCD,2007,8.76
Chad,TCD,2008,8.78
Chad,TCD,2009,8.83
Chad,TCD,2010,8.9
Chad,TCD,2011,8.97
Chad,TCD,2012,9.05
Chad,TCD,2013,9.14
Chad,TCD,2014,9.24
Chad,TCD,2015,9.36
Chad,TCD,2016,9.48
Chad,TCD,2017,9.63
Chad,TCD,2018,9.78
Chad,TCD,2019,9.95
Chad,TCD,2020,10.14
Channel Islands,OWID_CIS,2009,81.5
Channel Islands,OWID_CIS,2010,81.5
Channel Islands,OWID_CIS,2011,81.5
Channel Islands,OWID_CIS,2012,81.5
Channel Islands,OWID_CIS,2013,81.5
Channel Islands,OWID_CIS,2014,81.5
Channel Islands,OWID_CIS,2015,81.5
Channel Islands,OWID_CIS,2016,81.5
Channel Islands,OWID_CIS,2017,81.5
Chile,CHL,2000,50.93
Chile,CHL,2001,51.19
Chile,CHL,2002,51.43
Chile,CHL,2003,51.65
Chile,CHL,2004,53.22
Chile,CHL,2005,54.8
Chile,CHL,2006,56.38
Chile,CHL,2007,57.98
Chile,CHL,2008,59.6
Chile,CHL,2009,61.22
Chile,CHL,2010,62.86
Chile,CHL,2011,64.5
Chile,CHL,2012,66.16
Chile,CHL,2013,67.84
Chile,CHL,2014,69.52
Chile,CHL,2015,71.18
Chile,CHL,2016,72.76
Chile,CHL,2017,74.37
Chile,CHL,2018,75.71
Chile,CHL,2019,77.15
Chile,CHL,2020,78.6
China,CHN,2000,13.13
China,CHN,2001,13.49
China,CHN,2002,14.37
China,CHN,2003,16.47
China,CHN,2004,18.74
China,CHN,2005,21.16
China,CHN,2006,23.72
China,CHN,2007,26.41
China,CHN,2008,29.25
China,CHN,2009,32.22
China,CHN,2010,35.33
China,CHN,2011,38.54
China,CHN,2012,41.86
China,CHN,2013,45.29
China,CHN,2014,48.83
China,CHN,2015,52.49
China,CHN,2016,56.24
China,CHN,2017,60.09
China,CHN,2018,64.02
China,CHN,2019,68.04
China,CHN,2020,69.66
Colombia,COL,2000,15.16
Colombia,COL,2001,15.33
Colombia,COL,2002,15.5
Colombia,COL,2003,15.66
Colombia,COL,2004,15.83
Colombia,COL,2005,15.99
Colombia,COL,2006,16.15
Colombia,COL,2007,16.31
Colombia,COL,2008,16.47
Colombia,COL,2009,16.63
Colombia,COL,2010,16.79
Colombia,COL,2011,16.95
Colombia,COL,2012,17.1
Colombia,COL,2013,17.26
Colombia,COL,2014,17.41
Colombia,COL,2015,17.56
Colombia,COL,2016,17.72
Colombia,COL,2017,17.87
Colombia,COL,2018,18.02
Colombia,COL,2019,18.17
Colombia,COL,2020,18.31
Costa Rica,CRI,2000,38.85
Costa Rica,CRI,2001,38.63
Costa Rica,CRI,2002,38.39
Costa Rica,CRI,2003,38.16
Costa Rica,CRI,2004,37.91
Costa Rica,CRI,2005,37.65
Costa Rica,CRI,2006,37.39
Costa Rica,CRI,2007,37.13
Costa Rica,CRI,2008,36.44
Costa Rica,CRI,2009,35.78
Costa Rica,CRI,2010,35.12
Costa Rica,CRI,2011,34.47
Costa Rica,CRI,2012,33.83
Costa Rica,CRI,2013,33.23
Costa Rica,CRI,2014,32.65
Costa Rica,CRI,2015,32.08
Costa Rica,CRI,2016,31.53
Costa Rica,CRI,2017,31
Costa Rica,CRI,2018,30.49
Costa Rica,CRI,2019,30.33
Costa Rica,CRI,2020,30.2
Croatia,HRV,2000,77.87
Croatia,HRV,2001,77.93
Croatia,HRV,2002,77.99
Croatia,HRV,2003,78.04
Croatia,HRV,2004,78.1
Croatia,HRV,2005,78.16
Croatia,HRV,2006,78.22
Croatia,HRV,2007,78.28
Croatia,HRV,2008,78.34
Croatia,HRV,2009,78.4
Croatia,HRV,2010,78.46
Croatia,HRV,2011,78.52
Croatia,HRV,2012,78.11
Croatia,HRV,2013,76.82
Croatia,HRV,2014,75.54
Croatia,HRV,2015,74.26
Croatia,HRV,2016,72.98
Croatia,HRV,2017,71.69
Croatia,HRV,2018,70.39
Croatia,HRV,2019,69.09
Croatia,HRV,2020,67.79
Cuba,CUB,2000,40.37
Cuba,CUB,2001,40.22
Cuba,CUB,2002,40.08
Cuba,CUB,2003,39.96
Cuba,CUB,2004,39.84
Cuba,CUB,2005,39.54
Cuba,CUB,2006,39.23
Cuba,CUB,2007,38.92
Cuba,CUB,2008,38.6
Cuba,CUB,2009,38.28
Cuba,CUB,2010,37.96
Cuba,CUB,2011,37.8
Cuba,CUB,2012,37.64
Cuba,CUB,2013,37.5
Cuba,CUB,2014,37.37
Cuba,CUB,2015,37.24
Cuba,CUB,2016,37.11
Cuba,CUB,2017,36.99
Cuba,CUB,2018,36.87
Cuba,CUB,2019,36.75
Cuba,CUB,2020,36.64
Cyprus,CYP,2000,76.13
Cyprus,CYP,2001,76.17
Cyprus,CYP,2002,76.15
Cyprus,CYP,2003,76.19
Cyprus,CYP,2004,76.24
Cyprus,CYP,2005,76.29
Cyprus,CYP,2006,76.33
Cyprus,CYP,2007,76.38
Cyprus,CYP,2008,76.43
Cyprus,CYP,2009,76.48
Cyprus,CYP,2010,76.53
Cyprus,CYP,2011,76.58
Cyprus,CYP,2012,76.64
Cyprus,CYP,2013,76.69
Cyprus,CYP,2014,76.76
Cyprus,CYP,2015,76.83
Cyprus,CYP,2016,76.91
Cyprus,CYP,2017,76.99
Cyprus,CYP,2018,77.08
Cyprus,CYP,2019,77.08
Cyprus,CYP,2020,77.08
Czechia,CZE,2000,66.95
Czechia,CZE,2001,67.39
Czechia,CZE,2002,67.82
Czechia,CZE,2003,68.25
Czechia,CZE,2004,69.3
Czechia,CZE,2005,70.35
Czechia,CZE,2006,71.41
Czechia,CZE,2007,72.57
Czechia,CZE,2008,73.76
Czechia,CZE,2009,74.97
Czechia,CZE,2010,76.19
Czechia,CZE,2011,77.41
Czechia,CZE,2012,78.65
Czechia,CZE,2013,79.89
Czechia,CZE,2014,80.53
Czechia,CZE,2015,81.32
Czechia,CZE,2016,82.46
Czechia,CZE,2017,83.6
Czechia,CZE,2018,84.23
Czechia,CZE,2019,84.72
Czechia,CZE,2020,85.2
Democratic Republic of Congo,COD,2000,22.25
Democratic Republic of Congo,COD,2001,21.83
Democratic Republic of Congo,COD,2002,21.41
Democratic Republic of Congo,COD,2003,20.99
Democratic Republic of Congo,COD,2004,20.58
Democratic Republic of Congo,COD,2005,20.18
Democratic Republic of Congo,COD,2006,19.68
Democratic Republic of Congo,COD,2007,19.19
Democratic Republic of Congo,COD,2008,18.71
Democratic Republic of Congo,COD,2009,18.17
Democratic Republic of Congo,COD,2010,17.63
Democratic Republic of Congo,COD,2011,17.1
Democratic Republic of Congo,COD,2012,16.58
Democratic Republic of Congo,COD,2013,16.07
Democratic Republic of Congo,COD,2014,15.57
Democratic Republic of Congo,COD,2015,15.07
Democratic Republic of Congo,COD,2016,14.58
Democratic Republic of Congo,COD,2017,14.09
Democratic Republic of Congo,COD,2018,13.62
Democratic Republic of Congo,COD,2019,13.15
Democratic Republic of Congo,COD,2020,12.69
Denmark,DNK,2000,86.8
Denmark,DNK,2001,86.8
Denmark,DNK,2002,86.8
Denmark,DNK,2003,86.8
Denmark,DNK,2004,86.8
Denmark,DNK,2005,86.8
Denmark,DNK,2006,86.8
Denmark,DNK,2007,86.8
Denmark,DNK,2008,87.25
Denmark,DNK,2009,87.71
Denmark,DNK,2010,88.16
Denmark,DNK,2011,88.61
Denmark,DNK,2012,89.07
Denmark,DNK,2013,89.53
Denmark,DNK,2014,89.98
Denmark,DNK,2015,90.44
Denmark,DNK,2016,90.9
Denmark,DNK,2017,91.36
Denmark,DNK,2018,91.66
Denmark,DNK,2019,91.89
Denmark,DNK,2020,91.89
Djibouti,DJI,2000,24.85
Djibouti,DJI,2001,24.86
Djibouti,DJI,2002,24.87
Djibouti,DJI,2003,24.88
Djibouti,DJI,2004,24.88
Djibouti,DJI,2005,25.71
Djibouti,DJI,2006,26.52
Djibouti,DJI,2007,27.34
Djibouti,DJI,2008,28.15
Djibouti,DJI,2009,28.96
Djibouti,DJI,2010,29.77
Djibouti,DJI,2011,30.59
Djibouti,DJI,2012,31.39
Djibouti,DJI,2013,32.2
Djibouti,DJI,2014,33.01
Djibouti,DJI,2015,33.82
Djibouti,DJI,2016,34.63
Djibouti,DJI,2017,35.44
Djibouti,DJI,2018,36.24
Djibouti,DJI,2019,37.05
Djibouti,DJI,2020,37.08
Eastern and South-Eastern Asia,,2000,20.73
Eastern and South-Eastern Asia,,2001,21.16
Eastern and South-Eastern Asia,,2002,21.81
Eastern and South-Eastern Asia,,2003,23.35
Eastern and South-Eastern Asia,,2004,25
Eastern and South-Eastern Asia,,2005,26.76
Eastern and South-Eastern Asia,,2006,28.61
Eastern and South-Eastern Asia,,2007,30.56
Eastern and South-Eastern Asia,,2008,32.58
Eastern and South-Eastern Asia,,2009,34.67
Eastern and South-Eastern Asia,,2010,36.84
Eastern and South-Eastern Asia,,2011,39.08
Eastern and South-Eastern Asia,,2012,41.39
Eastern and South-Eastern Asia,,2013,43.75
Eastern and South-Eastern Asia,,2014,46.18
Eastern and South-Eastern Asia,,2015,48.67
Eastern and South-Eastern Asia,,2016,51.21
Eastern and South-Eastern Asia,,2017,53.79
Eastern and South-Eastern Asia,,2018,56.42
Eastern and South-Eastern Asia,,2019,59.06
Eastern and South-Eastern Asia,,2020,60.22
Ecuador,ECU,2000,39.94
Ecuador,ECU,2001,39.98
Ecuador,ECU,2002,40.03
Ecuador,ECU,2003,40.08
Ecuador,ECU,2004,40.12
Ecuador,ECU,2005,40.29
Ecuador,ECU,2006,40.45
Ecuador,ECU,2007,40.61
Ecuador,ECU,2008,40.76
Ecuador,ECU,2009,40.9
Ecuador,ECU,2010,41.04
Ecuador,ECU,2011,41.17
Ecuador,ECU,2012,41.31
Ecuador,ECU,2013,41.44
Ecuador,ECU,2014,41.57
Ecuador,ECU,2015,41.69
Ecuador,ECU,2016,41.8
Ecuador,ECU,2017,41.81
Ecuador,ECU,2018,41.75
Ecuador,ECU,2019,41.7
Ecuador,ECU,2020,41.63
Egypt,EGY,2000,54.16
Egypt,EGY,2001,54.12
Egypt,EGY,2002,54.08
Egypt,EGY,2003,54.04
Egypt,EGY,2004,54.77
Egypt,EGY,2005,55.5
Egypt,EGY,2006,56.23
Egypt,EGY,2007,56.96
Egypt,EGY,2008,57.68
Egypt,EGY,2009,58.41
Egypt,EGY,2010,59.15
Egypt,EGY,2011,59.88
Egypt,EGY,2012,60.62
Egypt,EGY,2013,61.36
Egypt,EGY,2014,62.1
Egypt,EGY,2015,62.86
Egypt,EGY,2016,63.72
Egypt,EGY,2017,64.58
Egypt,EGY,2018,65.45
Egypt,EGY,2019,66.32
Egypt,EGY,2020,67.06
Estonia,EST,2000,92.57
Estonia,EST,2001,92.57
Estonia,EST,2002,92.58
Estonia,EST,2003,92.55
Estonia,EST,2004,92.57
Estonia,EST,2005,92.6
Estonia,EST,2006,92.62
Estonia,EST,2007,92.64
Estonia,EST,2008,92.66
Estonia,EST,2009,92.68
Estonia,EST,2010,92.7
Estonia,EST,2011,92.71
Estonia,EST,2012,92.73
Estonia,EST,2013,92.74
Estonia,EST,2014,92.76
Estonia,EST,2015,92.82
Estonia,EST,2016,92.89
Estonia,EST,2017,92.95
Estonia,EST,2018,93.01
Estonia,EST,2019,93.06
Estonia,EST,2020,93.06
Ethiopia,ETH,2000,2.12
Ethiopia,ETH,2001,2.38
Ethiopia,ETH,2002,2.63
Ethiopia,ETH,2003,2.88
Ethiopia,ETH,2004,3.12
Ethiopia,ETH,2005,3.36
Ethiopia,ETH,2006,3.59
Ethiopia,ETH,2007,3.82
Ethiopia,ETH,2008,4.06
Ethiopia,ETH,2009,4.31
Ethiopia,ETH,2010,4.54
Ethiopia,ETH,2011,4.78
Ethiopia,ETH,2012,5.01
Ethiopia,ETH,2013,5.22
Ethiopia,ETH,2014,5.44
Ethiopia,ETH,2015,5.65
Ethiopia,ETH,2016,5.87
Ethiopia,ETH,2017,6.07
Ethiopia,ETH,2018,6.28
Ethiopia,ETH,2019,6.48
Ethiopia,ETH,2020,6.68
Finland,FIN,2000,79.99
Finland,FIN,2001,80.25
Finland,FIN,2002,80.5
Finland,FIN,2003,80.76
Finland,FIN,2004,81.02
Finland,FIN,2005,81.27
Finland,FIN,2006,81.53
Finland,FIN,2007,81.79
Finland,FIN,2008,82.04
Finland,FIN,2009,82.3
Finland,FIN,2010,82.56
Finland,FIN,2011,82.82
Finland,FIN,2012,83.07
Finland,FIN,2013,83.33
Finland,FIN,2014,83.59
Finland,FIN,2015,83.84
Finland,FIN,2016,84.1
Finland,FIN,2017,84.1
Finland,FIN,2018,84.1
Finland,FIN,2019,84.1
Finland,FIN,2020,84.1
Fragile or Extremely Fragile,,2000,18.69
Fragile or Extremely Fragile,,2001,19.14
Fragile or Extremely Fragile,,2002,19.2
Fragile or Extremely Fragile,,2003,19.72
Fragile or Extremely Fragile,,2004,20.22
Fragile or Extremely Fragile,,2005,25.13
Fragile or Extremely Fragile,,2006,25.73
Fragile or Extremely Fragile,,2007,26.33
Fragile or Extremely Fragile,,2008,26.92
Fragile or Extremely Fragile,,2009,27.48
Fragile or Extremely Fragile,,2010,28.03
Fragile or Extremely Fragile,,2011,28.42
Fragile or Extremely Fragile,,2012,28.96
Fragile or Extremely Fragile,,2013,29.49
Fragile or Extremely Fragile,,2014,30.02
Fragile or Extremely Fragile,,2015,30.56
Fragile or Extremely Fragile,,2016,31.1
Fragile or Extremely Fragile,,2017,31.64
Fragile or Extremely Fragile,,2018,32.12
Fragile or Extremely Fragile,,2019,32.6
Fragile or Extremely Fragile,,2020,33.01
France,FRA,2000,79.24
France,FRA,2001,79.24
France,FRA,2002,79.24
France,FRA,2003,79.2
France,FRA,2004,79.16
France,FRA,2005,79.12
France,FRA,2006,79.08
France,FRA,2007,79.04
France,FRA,2008,79
France,FRA,2009,78.96
France,FRA,2010,78.92
France,FRA,2011,78.88
France,FRA,2012,78.84
France,FRA,2013,78.8
France,FRA,2014,78.76
France,FRA,2015,78.72
France,FRA,2016,78.68
France,FRA,2017,78.64
France,FRA,2018,78.6
France,FRA,2019,78.59
France,FRA,2020,78.59
Gambia,GMB,2000,43.21
Gambia,GMB,2001,41.92
Gambia,GMB,2002,40.65
Gambia,GMB,2003,39.49
Gambia,GMB,2004,38.38
Gambia,GMB,2005,37.79
Gambia,GMB,2006,37.2
Gambia,GMB,2007,36.62
Gambia,GMB,2008,36.04
Gambia,GMB,2009,35.47
Gambia,GMB,2010,34.89
Gambia,GMB,2011,34.31
Gambia,GMB,2012,33.74
Gambia,GMB,2013,33.16
Gambia,GMB,2014,32.58
Gambia,GMB,2015,31.99
Gambia,GMB,2016,31.4
Gambia,GMB,2017,30.81
Gambia,GMB,2018,30.2
Gambia,GMB,2019,29.59
Gambia,GMB,2020,28.97
Georgia,GEO,2000,47.9
Georgia,GEO,2001,47.29
Georgia,GEO,2002,46.59
Georgia,GEO,2003,45.84
Georgia,GEO,2004,45.14
Georgia,GEO,2005,44.43
Georgia,GEO,2006,43.72
Georgia,GEO,2007,43.01
Georgia,GEO,2008,42.29
Georgia,GEO,2009,41.58
Georgia,GEO,2010,40.86
Georgia,GEO,2011,40.14
Georgia,GEO,2012,39.41
Georgia,GEO,2013,38.69
Georgia,GEO,2014,37.96
Georgia,GEO,2015,37.23
Georgia,GEO,2016,36.49
Georgia,GEO,2017,35.76
Georgia,GEO,2018,35.02
Georgia,GEO,2019,34.72
Georgia,GEO,2020,34.42
Germany,DEU,2000,95.8
Germany,DEU,2001,95.81
Germany,DEU,2002,95.83
Germany,DEU,2003,95.84
Germany,DEU,2004,95.93
Germany,DEU,2005,96.02
Germany,DEU,2006,96.11
Germany,DEU,2007,96.2
Germany,DEU,2008,96.3
Germany,DEU,2009,96.39
Germany,DEU,2010,96.48
Germany,DEU,2011,96.57
Germany,DEU,2012,96.64
Germany,DEU,2013,96.72
Germany,DEU,2014,96.8
Germany,DEU,2015,96.88
Germany,DEU,2016,96.96
Germany,DEU,2017,97.03
Germany,DEU,2018,97.12
Germany,DEU,2019,97.12
Germany,DEU,2020,97.13
Ghana,GHA,2000,4.37
Ghana,GHA,2001,4.43
Ghana,GHA,2002,4.89
Ghana,GHA,2003,5.35
Ghana,GHA,2004,5.81
Ghana,GHA,2005,6.28
Ghana,GHA,2006,6.75
Ghana,GHA,2007,7.22
Ghana,GHA,2008,7.69
Ghana,GHA,2009,8.16
Ghana,GHA,2010,8.64
Ghana,GHA,2011,9.11
Ghana,GHA,2012,9.59
Ghana,GHA,2013,10.06
Ghana,GHA,2014,10.53
Ghana,GHA,2015,11
Ghana,GHA,2016,11.47
Ghana,GHA,2017,11.94
Ghana,GHA,2018,12.4
Ghana,GHA,2019,12.87
Ghana,GHA,2020,13.32
Greece,GRC,2000,77.27
Greece,GRC,2001,77.87
Greece,GRC,2002,78.52
Greece,GRC,2003,79.18
Greece,GRC,2004,79.84
Greece,GRC,2005,80.5
Greece,GRC,2006,81.16
Greece,GRC,2007,81.83
Greece,GRC,2008,82.5
Greece,GRC,2009,83.17
Greece,GRC,2010,83.84
Greece,GRC,2011,84.54
Greece,GRC,2012,85.38
Greece,GRC,2013,86.21
Greece,GRC,2014,87.04
Greece,GRC,2015,87.83
Greece,GRC,2016,88.62
Greece,GRC,2017,89.39
Greece,GRC,2018,90.17
Greece,GRC,2019,90.95
Greece,GRC,2020,91.72
Greenland,GRL,2000,85.91
Greenland,GRL,2001,85.91
Greenland,GRL,2002,85.91
Greenland,GRL,2003,85.91
Greenland,GRL,2004,85.91
Greenland,GRL,2005,85.91
Greenland,GRL,2006,85.91
Greenland,GRL,2007,85.91
Greenland,GRL,2008,86.13
Greenland,GRL,2009,86.75
Greenland,GRL,2010,87.37
Greenland,GRL,2011,87.99
Greenland,GRL,2012,88.62
Greenland,GRL,2013,89.24
Greenland,GRL,2014,89.87
Greenland,GRL,2015,90.5
Greenland,GRL,2016,91.13
Greenland,GRL,2017,91.43
Greenland,GRL,2018,91.66
Greenland,GRL,2019,91.89
Greenland,GRL,2020,91.89
Guinea-Bissau,GNB,2000,3.26
Guinea-Bissau,GNB,2001,3.63
Guinea-Bissau,GNB,2002,4
Guinea-Bissau,GNB,2003,4.38
Guinea-Bissau,GNB,2004,4.76
Guinea-Bissau,GNB,2005,5.17
Guinea-Bissau,GNB,2006,5.58
Guinea-Bissau,GNB,2007,6
Guinea-Bissau,GNB,2008,6.43
Guinea-Bissau,GNB,2009,6.86
Guinea-Bissau,GNB,2010,7.31
Guinea-Bissau,GNB,2011,7.76
Guinea-Bissau,GNB,2012,8.21
Guinea-Bissau,GNB,2013,8.68
Guinea-Bissau,GNB,2014,9.15
Guinea-Bissau,GNB,2015,9.63
Guinea-Bissau,GNB,2016,10.12
Guinea-Bissau,GNB,2017,10.62
Guinea-Bissau,GNB,2018,11.13
Guinea-Bissau,GNB,2019,11.64
Guinea-Bissau,GNB,2020,12.16
High income,,2000,83.24
High income,,2001,83.37
High income,,2002,83.59
High income,,2003,83.82
High income,,2004,84.14
High income,,2005,84.52
High income,,2006,84.89
High income,,2007,85.27
High income,,2008,85.65
High income,,2009,86.03
High income,,2010,82.18
High income,,2011,82.67
High income,,2012,83.15
High income,,2013,83.62
High income,,2014,84.09
High income,,2015,84.55
High income,,2016,85.01
High income,,2017,85.44
High income,,2018,85.84
High income,,2019,86.23
High income,,2020,86.57
Honduras,HND,2000,40.05
Honduras,HND,2001,40.75
Honduras,HND,2002,41.42
Honduras,HND,2003,42.07
Honduras,HND,2004,42.7
Honduras,HND,2005,43.25
Honduras,HND,2006,43.78
Honduras,HND,2007,44.29
Honduras,HND,2008,44.78
Honduras,HND,2009,45.26
Honduras,HND,2010,45.72
Honduras,HND,2011,46.16
Honduras,HND,2012,46.58
Honduras,HND,2013,46.98
Honduras,HND,2014,47.37
Honduras,HND,2015,47.74
Honduras,HND,2016,48.16
Honduras,HND,2017,48.56
Honduras,HND,2018,48.95
Honduras,HND,2019,49.32
Honduras,HND,2020,49.68
Hong Kong,HKG,2000,86.11
Hong Kong,HKG,2001,86.11
Hong Kong,HKG,2002,86.11
Hong Kong,HKG,2003,86.11
Hong Kong,HKG,2004,86.1
Hong Kong,HKG,2005,86.09
Hong Kong,HKG,2006,86.08
Hong Kong,HKG,2007,86.06
Hong Kong,HKG,2008,86.05
Hong Kong,HKG,2009,86.04
Hong Kong,HKG,2010,86.03
Hong Kong,HKG,2011,86.02
Hong Kong,HKG,2012,86.01
Hong Kong,HKG,2013,86
Hong Kong,HKG,2014,85.99
Hong Kong,HKG,2015,85.98
Hong Kong,HKG,2016,85.97
Hong Kong,HKG,2017,85.95
Hong Kong,HKG,2018,85.94
Hong Kong,HKG,2019,85.93
Hong Kong,HKG,2020,85.92
Hungary,HUN,2000,63.88
Hungary,HUN,2001,63.58
Hungary,HUN,2002,63.29
Hungary,HUN,2003,63
Hungary,HUN,2004,64.56
Hungary,HUN,2005,66.18
Hungary,HUN,2006,67.85
Hungary,HUN,2007,69.58
Hungary,HUN,2008,71.35
Hungary,HUN,2009,73.18
Hungary,HUN,2010,75.05
Hungary,HUN,2011,76.97
Hungary,HUN,2012,78.92
Hungary,HUN,2013,80.91
Hungary,HUN,2014,82.95
Hungary,HUN,2015,85.04
Hungary,HUN,2016,86.09
Hungary,HUN,2017,86.9
Hungary,HUN,2018,87.72
Hungary,HUN,2019,87.75
Hungary,HUN,2020,87.78
Iceland,ISL,2000,41.85
Iceland,ISL,2001,43.88
Iceland,ISL,2002,45.92
Iceland,ISL,2003,47.97
Iceland,ISL,2004,50.03
Iceland,ISL,2005,52.11
Iceland,ISL,2006,54.2
Iceland,ISL,2007,56.3
Iceland,ISL,2008,58.41
Iceland,ISL,2009,60.54
Iceland,ISL,2010,62.68
Iceland,ISL,2011,64.84
Iceland,ISL,2012,67.01
Iceland,ISL,2013,69.21
Iceland,ISL,2014,71.59
Iceland,ISL,2015,73.99
Iceland,ISL,2016,76.39
Iceland,ISL,2017,78.81
Iceland,ISL,2018,81.24
Iceland,ISL,2019,83.69
Iceland,ISL,2020,83.69
India,IND,2000,6.58
India,IND,2001,7.85
India,IND,2002,9.17
India,IND,2003,11.05
India,IND,2004,13.38
India,IND,2005,15.32
India,IND,2006,17.27
India,IND,2007,19.28
India,IND,2008,21.31
India,IND,2009,23.34
India,IND,2010,25.38
India,IND,2011,27.43
India,IND,2012,29.49
India,IND,2013,31.55
India,IND,2014,33.63
India,IND,2015,35.71
India,IND,2016,37.79
India,IND,2017,39.89
India,IND,2018,41.9
India,IND,2019,43.9
India,IND,2020,45.91
Iraq,IRQ,2000,32.9
Iraq,IRQ,2001,33.41
Iraq,IRQ,2002,33.92
Iraq,IRQ,2003,34.43
Iraq,IRQ,2004,34.94
Iraq,IRQ,2005,35.42
Iraq,IRQ,2006,35.89
Iraq,IRQ,2007,36.37
Iraq,IRQ,2008,36.84
Iraq,IRQ,2009,37.43
Iraq,IRQ,2010,38.03
Iraq,IRQ,2011,38.62
Iraq,IRQ,2012,39.23
Iraq,IRQ,2013,39.84
Iraq,IRQ,2014,40.46
Iraq,IRQ,2015,41.09
Iraq,IRQ,2016,41.72
Iraq,IRQ,2017,42.36
Iraq,IRQ,2018,42.89
Iraq,IRQ,2019,43.13
Iraq,IRQ,2020,42.88
Ireland,IRL,2000,53.92
Ireland,IRL,2001,55.44
Ireland,IRL,2002,56.98
Ireland,IRL,2003,58.57
Ireland,IRL,2004,60.19
Ireland,IRL,2005,61.82
Ireland,IRL,2006,63.46
Ireland,IRL,2007,65.12
Ireland,IRL,2008,66.8
Ireland,IRL,2009,68.49
Ireland,IRL,2010,70.19
Ireland,IRL,2011,71.9
Ireland,IRL,2012,73.63
Ireland,IRL,2013,75.45
Ireland,IRL,2014,77.29
Ireland,IRL,2015,79.14
Ireland,IRL,2016,81
Ireland,IRL,2017,82.45
Ireland,IRL,2018,82.66
Ireland,IRL,2019,82.78
Ireland,IRL,2020,82.9
Israel,ISR,2000,79.82
Israel,ISR,2001,80.57
Israel,ISR,2002,81.33
Israel,ISR,2003,82.09
Israel,ISR,2004,82.85
Israel,ISR,2005,83.61
Israel,ISR,2006,84.36
Israel,ISR,2007,85.12
Israel,ISR,2008,85.88
Israel,ISR,2009,86.64
Israel,ISR,2010,87.4
Israel,ISR,2011,88.15
Israel,ISR,2012,88.91
Israel,ISR,2013,89.67
Israel,ISR,2014,90.42
Israel,ISR,2015,91.18
Israel,ISR,2016,91.94
Israel,ISR,2017,92.69
Israel,ISR,2018,93.45
Israel,ISR,2019,94.21
Israel,ISR,2020,94.96
Italy,ITA,2000,95.64
Italy,ITA,2001,95.64
Italy,ITA,2002,95.65
Italy,ITA,2003,95.65
Italy,ITA,2004,95.65
Italy,ITA,2005,95.66
Italy,ITA,2006,95.67
Italy,ITA,2007,95.68
Italy,ITA,2008,95.68
Italy,ITA,2009,95.69
Italy,ITA,2010,95.7
Italy,ITA,2011,95.7
Italy,ITA,2012,95.71
Italy,ITA,2013,95.72
Italy,ITA,2014,95.73
Italy,ITA,2015,95.74
Italy,ITA,2016,95.75
Italy,ITA,2017,95.76
Italy,ITA,2018,95.77
Italy,ITA,2019,95.78
Italy,ITA,2020,95.78
Japan,JPN,2000,73.03
Japan,JPN,2001,73.48
Japan,JPN,2002,73.92
Japan,JPN,2003,74.36
Japan,JPN,2004,74.8
Japan,JPN,2005,75.23
Japan,JPN,2006,75.66
Japan,JPN,2007,76.09
Japan,JPN,2008,76.52
Japan,JPN,2009,76.94
Japan,JPN,2010,77.36
Japan,JPN,2011,77.78
Japan,JPN,2012,78.2
Japan,JPN,2013,78.61
Japan,JPN,2014,79.02
Japan,JPN,2015,79.43
Japan,JPN,2016,79.84
Japan,JPN,2017,80.24
Japan,JPN,2018,80.64
Japan,JPN,2019,81.03
Japan,JPN,2020,81.43
Jordan,JOR,2000,75.57
Jordan,JOR,2001,75.52
Jordan,JOR,2002,75.55
Jordan,JOR,2003,75.6
Jordan,JOR,2004,75.72
Jordan,JOR,2005,76.29
Jordan,JOR,2006,76.96
Jordan,JOR,2007,77.58
Jordan,JOR,2008,78.19
Jordan,JOR,2009,78.76
Jordan,JOR,2010,79.28
Jordan,JOR,2011,79.78
Jordan,JOR,2012,80.24
Jordan,JOR,2013,80.66
Jordan,JOR,2014,81.06
Jordan,JOR,2015,81.27
Jordan,JOR,2016,81.48
Jordan,JOR,2017,81.69
Jordan,JOR,2018,81.89
Jordan,JOR,2019,82.08
Jordan,JOR,2020,82.27
Kiribati,KIR,2000,16
Kiribati,KIR,2001,16.81
Kiribati,KIR,2002,17.58
Kiribati,KIR,2003,18.34
Kiribati,KIR,2004,19.11
Kiribati,KIR,2005,19.76
Kiribati,KIR,2006,20.45
Kiribati,KIR,2007,21.16
Kiribati,KIR,2008,21.7
Kiribati,KIR,2009,22.21
Kiribati,KIR,2010,22.71
Kiribati,KIR,2011,23.19
Kiribati,KIR,2012,23.65
Kiribati,KIR,2013,24.1
Kiribati,KIR,2014,24.52
Kiribati,KIR,2015,24.93
Kiribati,KIR,2016,25.31
Kiribati,KIR,2017,25.68
Kiribati,KIR,2018,26.03
Kiribati,KIR,2019,26.36
Kiribati,KIR,2020,26.66
Kuwait,KWT,2000,100
Kuwait,KWT,2001,100
Kuwait,KWT,2002,100
Kuwait,KWT,2003,100
Kuwait,KWT,2004,100
Kuwait,KWT,2005,100
Kuwait,KWT,2006,100
Kuwait,KWT,2007,100
Kuwait,KWT,2008,100
Kuwait,KWT,2009,100
Kuwait,KWT,2010,100
Kuwait,KWT,2011,100
Kuwait,KWT,2012,100
Kuwait,KWT,2013,100
Kuwait,KWT,2014,100
Kuwait,KWT,2015,100
Kuwait,KWT,2016,100
Kuwait,KWT,2017,100
Kuwait,KWT,2018,100
Kuwait,KWT,2019,100
Kuwait,KWT,2020,100
Kyrgyzstan,KGZ,2000,85.08
Kyrgyzstan,KGZ,2001,85.2
Kyrgyzstan,KGZ,2002,85.61
Kyrgyzstan,KGZ,2003,86.01
Kyrgyzstan,KGZ,2004,86.42
Kyrgyzstan,KGZ,2005,86.9
Kyrgyzstan,KGZ,2006,87.38
Kyrgyzstan,KGZ,2007,87.85
Kyrgyzstan,KGZ,2008,88.32
Kyrgyzstan,KGZ,2009,88.79
Kyrgyzstan,KGZ,2010,89.25
Kyrgyzstan,KGZ,2011,89.7
Kyrgyzstan,KGZ,2012,90.15
Kyrgyzstan,KGZ,2013,90.6
Kyrgyzstan,KGZ,2014,91.04
Kyrgyzstan,KGZ,2015,91.47
Kyrgyzstan,KGZ,2016,91.85
Kyrgyzstan,KGZ,2017,92.03
Kyrgyzstan,KGZ,2018,92.21
Kyrgyzstan,KGZ,2019,92.39
Kyrgyzstan,KGZ,2020,92.47
Landlocked Developing Countries,,2000,24.48
Landlocked Developing Countries,,2001,24.85
Landlocked Developing Countries,,2002,25.16
Landlocked Developing Countries,,2003,25.47
Landlocked Developing Countries,,2004,25.8
Landlocked Developing Countries,,2005,26.12
Landlocked Developing Countries,,2006,26.46
Landlocked Developing Countries,,2007,26.82
Landlocked Developing Countries,,2008,27.18
Landlocked Developing Countries,,2009,27.54
Landlocked Developing Countries,,2010,27.92
Landlocked Developing Countries,,2011,27.77
Landlocked Developing Countries,,2012,28.17
Landlocked Developing Countries,,2013,28.56
Landlocked Developing Countries,,2014,28.92
Landlocked Developing Countries,,2015,29.29
Landlocked Developing Countries,,2016,29.64
Landlocked Developing Countries,,2017,29.98
Landlocked Developing Countries,,2018,30.33
Landlocked Developing Countries,,2019,30.68
Landlocked Developing Countries,,2020,30.99
Laos,LAO,2000,21.7
Laos,LAO,2001,24.34
Laos,LAO,2002,26.71
Laos,LAO,2003,29.05
Laos,LAO,2004,31.37
Laos,LAO,2005,33.62
Laos,LAO,2006,35.75
Laos,LAO,2007,37.86
Laos,LAO,2008,39.96
Laos,LAO,2009,42.03
Laos,LAO,2010,44.08
Laos,LAO,2011,46.12
Laos,LAO,2012,48.13
Laos,LAO,2013,50.13
Laos,LAO,2014,52.1
Laos,LAO,2015,54.06
Laos,LAO,2016,56.01
Laos,LAO,2017,57.93
Laos,LAO,2018,59.84
Laos,LAO,2019,61.36
Laos,LAO,2020,61.38
Latin America and the Caribbean,,2000,15.18
Latin America and the Caribbean,,2001,15.61
Latin America and the Caribbean,,2002,16.03
Latin America and the Caribbean,,2003,16.8
Latin America and the Caribbean,,2004,17.62
Latin America and the Caribbean,,2005,18.38
Latin America and the Caribbean,,2006,19.2
Latin America and the Caribbean,,2007,20.05
Latin America and the Caribbean,,2008,20.9
Latin America and the Caribbean,,2009,21.77
Latin America and the Caribbean,,2010,22.65
Latin America and the Caribbean,,2011,23.54
Latin America and the Caribbean,,2012,24.6
Latin America and the Caribbean,,2013,25.67
Latin America and the Caribbean,,2014,26.76
Latin America and the Caribbean,,2015,27.87
Latin America and the Caribbean,,2016,29
Latin America and the Caribbean,,2017,30.3
Latin America and the Caribbean,,2018,31.54
Latin America and the Caribbean,,2019,32.8
Latin America and the Caribbean,,2020,34.07
Latvia,LVA,2000,52.41
Latvia,LVA,2001,52.41
Latvia,LVA,2002,52.41
Latvia,LVA,2003,52.35
Latvia,LVA,2004,52.25
Latvia,LVA,2005,52.14
Latvia,LVA,2006,54.04
Latvia,LVA,2007,55.96
Latvia,LVA,2008,57.89
Latvia,LVA,2009,59.84
Latvia,LVA,2010,61.81
Latvia,LVA,2011,63.79
Latvia,LVA,2012,65.79
Latvia,LVA,2013,67.81
Latvia,LVA,2014,69.84
Latvia,LVA,2015,72.04
Latvia,LVA,2016,74.27
Latvia,LVA,2017,76.52
Latvia,LVA,2018,78.79
Latvia,LVA,2019,81.09
Latvia,LVA,2020,83.41
Least Developed Countries,,2000,15.94
Least Developed Countries,,2001,16.49
Least Developed Countries,,2002,17.05
Least Developed Countries,,2003,17.6
Least Developed Countries,,2004,18.14
Least Developed Countries,,2005,18.69
Least Developed Countries,,2006,19.23
Least Developed Countries,,2007,19.76
Least Developed Countries,,2008,20.3
Least Developed Countries,,2009,20.79
Least Developed Countries,,2010,21.29
Least Developed Countries,,2011,21.59
Least Developed Countries,,2012,22.08
Least Developed Countries,,2013,22.69
Least Developed Countries,,2014,23.17
Least Developed Countries,,2015,23.65
Least Developed Countries,,2016,24.15
Least Developed Countries,,2017,24.51
Least Developed Countries,,2018,24.96
Least Developed Countries,,2019,25.38
Least Developed Countries,,2020,25.71
Lebanon,LBN,2000,9.43
Lebanon,LBN,2001,9.43
Lebanon,LBN,2002,9.43
Lebanon,LBN,2003,9.85
Lebanon,LBN,2004,10.27
Lebanon,LBN,2005,10.69
Lebanon,LBN,2006,11.11
Lebanon,LBN,2007,11.54
Lebanon,LBN,2008,11.96
Lebanon,LBN,2009,12.38
Lebanon,LBN,2010,12.8
Lebanon,LBN,2011,13.22
Lebanon,LBN,2012,13.64
Lebanon,LBN,2013,14.07
Lebanon,LBN,2014,14.49
Lebanon,LBN,2015,14.91
Lebanon,LBN,2016,15.33
Lebanon,LBN,2017,15.75
Lebanon,LBN,2018,16.18
Lebanon,LBN,2019,16.53
Lebanon,LBN,2020,16.28
Lesotho,LSO,2000,6.96
Lesotho,LSO,2001,9.25
Lesotho,LSO,2002,11.53
Lesotho,LSO,2003,13.76
Lesotho,LSO,2004,15.96
Lesotho,LSO,2005,18.13
Lesotho,LSO,2006,20.27
Lesotho,LSO,2007,22.38
Lesotho,LSO,2008,24.47
Lesotho,LSO,2009,26.53
Lesotho,LSO,2010,28.56
Lesotho,LSO,2011,30.57
Lesotho,LSO,2012,32.56
Lesotho,LSO,2013,34.52
Lesotho,LSO,2014,36.46
Lesotho,LSO,2015,38.38
Lesotho,LSO,2016,40.27
Lesotho,LSO,2017,42.15
Lesotho,LSO,2018,44
Lesotho,LSO,2019,45.82
Lesotho,LSO,2020,47.62
Libya,LBY,2000,24.83
Libya,LBY,2001,24.63
Libya,LBY,2002,24.43
Libya,LBY,2003,24.23
Libya,LBY,2004,24.03
Libya,LBY,2005,23.83
Libya,LBY,2006,23.63
Libya,LBY,2007,23.43
Libya,LBY,2008,23.23
Libya,LBY,2009,23.04
Libya,LBY,2010,22.84
Libya,LBY,2011,22.64
Libya,LBY,2012,22.44
Libya,LBY,2013,22.24
Libya,LBY,2014,22.04
Libya,LBY,2015,21.84
Libya,LBY,2016,21.62
Libya,LBY,2017,21.62
Libya,LBY,2018,21.62
Libya,LBY,2019,21.62
Libya,LBY,2020,21.62
Liechtenstein,LIE,2000,98.75
Liechtenstein,LIE,2001,98.75
Liechtenstein,LIE,2002,98.75
Liechtenstein,LIE,2003,98.75
Liechtenstein,LIE,2004,98.75
Liechtenstein,LIE,2005,98.75
Liechtenstein,LIE,2006,98.75
Liechtenstein,LIE,2007,98.75
Liechtenstein,LIE,2008,98.75
Liechtenstein,LIE,2009,98.75
Liechtenstein,LIE,2010,98.75
Liechtenstein,LIE,2011,98.75
Liechtenstein,LIE,2012,98.75
Liechtenstein,LIE,2013,98.75
Liechtenstein,LIE,2014,98.75
Liechtenstein,LIE,2015,98.75
Liechtenstein,LIE,2016,98.75
Liechtenstein,LIE,2017,98.75
Liechtenstein,LIE,2018,98.75
Liechtenstein,LIE,2019,98.75
Liechtenstein,LIE,2020,98.75
Lithuania,LTU,2000,79.54
Lithuania,LTU,2001,79.99
Lithuania,LTU,2002,80.45
Lithuania,LTU,2003,80.9
Lithuania,LTU,2004,81.36
Lithuania,LTU,2005,81.83
Lithuania,LTU,2006,82.32
Lithuania,LTU,2007,82.81
Lithuania,LTU,2008,83.3
Lithuania,LTU,2009,83.77
Lithuania,LTU,2010,84.23
Lithuania,LTU,2011,85.52
Lithuania,LTU,2012,86.85
Lithuania,LTU,2013,88.19
Lithuania,LTU,2014,89.55
Lithuania,LTU,2015,90.92
Lithuania,LTU,2016,92.3
Lithuania,LTU,2017,93.35
Lithuania,LTU,2018,93.9
Lithuania,LTU,2019,93.92
Lithuania,LTU,2020,93.94
Low income,,2000,14.18
Low income,,2001,14.33
Low income,,2002,13.35
Low income,,2003,13.6
Low income,,2004,13.84
Low income,,2005,14.13
Low income,,2006,14.41
Low income,,2007,14.69
Low income,,2008,14.97
Low income,,2009,15.24
Low income,,2010,15.5
Low income,,2011,15.59
Low income,,2012,15.88
Low income,,2013,16.17
Low income,,2014,16.47
Low income,,2015,16.76
Low income,,2016,17.08
Low income,,2017,17.39
Low income,,2018,17.65
Low income,,2019,17.91
Low income,,2020,18.13
Lower-middle income,,2000,17.3
Lower-middle income,,2001,18.16
Lower-middle income,,2002,19.08
Lower-middle income,,2003,20.38
Lower-middle income,,2004,21.99
Lower-middle income,,2005,23.34
Lower-middle income,,2006,24.68
Lower-middle income,,2007,26.09
Lower-middle income,,2008,27.5
Lower-middle income,,2009,28.93
Lower-middle income,,2010,30.37
Lower-middle income,,2011,31.81
Lower-middle income,,2012,33.26
Lower-middle income,,2013,34.7
Lower-middle income,,2014,36.13
Lower-middle income,,2015,37.56
Lower-middle income,,2016,38.98
Lower-middle income,,2017,40.4
Lower-middle income,,2018,41.76
Lower-middle income,,2019,43.07
Lower-middle income,,2020,44.34
Luxembourg,LUX,2000,90.88
Luxembourg,LUX,2001,90.93
Luxembourg,LUX,2002,90.96
Luxembourg,LUX,2003,90.99
Luxembourg,LUX,2004,91.02
Luxembourg,LUX,2005,91.05
Luxembourg,LUX,2006,91.08
Luxembourg,LUX,2007,91.11
Luxembourg,LUX,2008,91.14
Luxembourg,LUX,2009,91.78
Luxembourg,LUX,2010,92.42
Luxembourg,LUX,2011,93.06
Luxembourg,LUX,2012,93.7
Luxembourg,LUX,2013,94.34
Luxembourg,LUX,2014,94.98
Luxembourg,LUX,2015,95.62
Luxembourg,LUX,2016,96.26
Luxembourg,LUX,2017,96.72
Luxembourg,LUX,2018,96.75
Luxembourg,LUX,2019,96.77
Luxembourg,LUX,2020,96.78
Macao,MAC,2000,54.72
Macao,MAC,2001,54.72
Macao,MAC,2002,54.72
Macao,MAC,2003,54.72
Macao,MAC,2004,54.72
Macao,MAC,2005,54.72
Macao,MAC,2006,54.72
Macao,MAC,2007,54.72
Macao,MAC,2008,54.72
Macao,MAC,2009,54.72
Macao,MAC,2010,55.8
Macao,MAC,2011,56.88
Macao,MAC,2012,57.95
Macao,MAC,2013,59.03
Macao,MAC,2014,60.1
Macao,MAC,2015,61.18
Macao,MAC,2016,62.26
Macao,MAC,2017,63.33
Macao,MAC,2018,64.41
Macao,MAC,2019,65.49
Macao,MAC,2020,66.56
Madagascar,MDG,2000,3.46
Madagascar,MDG,2001,3.83
Madagascar,MDG,2002,4.2
Madagascar,MDG,2003,4.56
Madagascar,MDG,2004,4.9
Madagascar,MDG,2005,5.27
Madagascar,MDG,2006,5.63
Madagascar,MDG,2007,5.99
Madagascar,MDG,2008,6.34
Madagascar,MDG,2009,6.69
Madagascar,MDG,2010,7.04
Madagascar,MDG,2011,7.39
Madagascar,MDG,2012,7.73
Madagascar,MDG,2013,8.07
Madagascar,MDG,2014,8.41
Madagascar,MDG,2015,8.75
Madagascar,MDG,2016,9.08
Madagascar,MDG,2017,9.41
Madagascar,MDG,2018,9.73
Madagascar,MDG,2019,10.06
Madagascar,MDG,2020,10.38
Malawi,MWI,2000,19.18
Malawi,MWI,2001,19.44
Malawi,MWI,2002,19.69
Malawi,MWI,2003,19.94
Malawi,MWI,2004,20.19
Malawi,MWI,2005,20.44
Malawi,MWI,2006,20.69
Malawi,MWI,2007,20.94
Malawi,MWI,2008,21.19
Malawi,MWI,2009,21.44
Malawi,MWI,2010,21.69
Malawi,MWI,2011,21.94
Malawi,MWI,2012,22.19
Malawi,MWI,2013,22.44
Malawi,MWI,2014,22.7
Malawi,MWI,2015,22.95
Malawi,MWI,2016,23.2
Malawi,MWI,2017,23.45
Malawi,MWI,2018,23.71
Malawi,MWI,2019,23.96
Malawi,MWI,2020,24.21
Malaysia,MYS,2000,65.65
Malaysia,MYS,2001,65.86
Malaysia,MYS,2002,66.07
Malaysia,MYS,2003,66.28
Malaysia,MYS,2004,66.48
Malaysia,MYS,2005,66.68
Malaysia,MYS,2006,66.87
Malaysia,MYS,2007,67.06
Malaysia,MYS,2008,67.6
Malaysia,MYS,2009,68.14
Malaysia,MYS,2010,69.04
Malaysia,MYS,2011,69.94
Malaysia,MYS,2012,70.85
Malaysia,MYS,2013,71.76
Malaysia,MYS,2014,72.68
Malaysia,MYS,2015,73.44
Malaysia,MYS,2016,74.28
Malaysia,MYS,2017,75.86
Malaysia,MYS,2018,77.45
Mali,MLI,2000,6.13
Mali,MLI,2001,6.76
Mali,MLI,2002,7.41
Mali,MLI,2003,8.06
Mali,MLI,2004,8.73
Mali,MLI,2005,9.4
Mali,MLI,2006,10.08
Mali,MLI,2007,10.77
Mali,MLI,2008,11.46
Mali,MLI,2009,12.16
Mali,MLI,2010,12.86
Mali,MLI,2011,13.56
Mali,MLI,2012,14.27
Mali,MLI,2013,14.98
Mali,MLI,2014,15.69
Mali,MLI,2015,16.4
Mali,MLI,2016,17.11
Mali,MLI,2017,17.83
Mali,MLI,2018,18.53
Mali,MLI,2019,19.23
Mali,MLI,2020,19.92
Malta,MLT,2000,91.87
Malta,MLT,2001,91.87
Malta,MLT,2002,91.87
Malta,MLT,2003,91.87
Malta,MLT,2004,91.87
Malta,MLT,2005,91.87
Malta,MLT,2006,91.87
Malta,MLT,2007,91.87
Malta,MLT,2008,91.87
Malta,MLT,2009,91.87
Malta,MLT,2010,91.87
Malta,MLT,2011,91.87
Malta,MLT,2012,91.87
Malta,MLT,2013,91.87
Malta,MLT,2014,91.87
Malta,MLT,2015,91.87
Malta,MLT,2016,91.87
Malta,MLT,2017,91.87
Malta,MLT,2018,91.87
Malta,MLT,2019,91.87
Malta,MLT,2020,91.87
Mexico,MEX,2000,17.83
Mexico,MEX,2001,17.97
Mexico,MEX,2002,18.1
Mexico,MEX,2003,19.99
Mexico,MEX,2004,21.92
Mexico,MEX,2005,23.88
Mexico,MEX,2006,25.87
Mexico,MEX,2007,27.9
Mexico,MEX,2008,29.97
Mexico,MEX,2009,32.07
Mexico,MEX,2010,34.2
Mexico,MEX,2011,36.37
Mexico,MEX,2012,38.57
Mexico,MEX,2013,40.8
Mexico,MEX,2014,43.07
Mexico,MEX,2015,45.36
Mexico,MEX,2016,47.7
Mexico,MEX,2017,50.06
Mexico,MEX,2018,52.45
Mexico,MEX,2019,54.88
Mexico,MEX,2020,57.34
Monaco,MCO,2000,100
Monaco,MCO,2001,100
Monaco,MCO,2002,100
Monaco,MCO,2003,100
Monaco,MCO,2004,100
Monaco,MCO,2005,100
Monaco,MCO,2006,100
Monaco,MCO,2007,100
Monaco,MCO,2008,100
Monaco,MCO,2009,100
Monaco,MCO,2010,100
Monaco,MCO,2011,100
Monaco,MCO,2012,100
Monaco,MCO,2013,100
Monaco,MCO,2014,100
Monaco,MCO,2015,100
Monaco,MCO,2016,100
Monaco,MCO,2017,100
Monaco,MCO,2018,100
Monaco,MCO,2019,100
Monaco,MCO,2020,100
Mongolia,MNG,2000,33.27
Mongolia,MNG,2001,33.72
Mongolia,MNG,2002,34.16
Mongolia,MNG,2003,34.59
Mongolia,MNG,2004,35.58
Mongolia,MNG,2005,36.56
Mongolia,MNG,2006,37.55
Mongolia,MNG,2007,38.54
Mongolia,MNG,2008,39.52
Mongolia,MNG,2009,40.5
Mongolia,MNG,2010,41.48
Mongolia,MNG,2011,42.88
Mongolia,MNG,2012,44.27
Mongolia,MNG,2013,45.67
Mongolia,MNG,2014,47.1
Mongolia,MNG,2015,48.54
Mongolia,MNG,2016,50.01
Mongolia,MNG,2017,51.5
Mongolia,MNG,2018,53
Mongolia,MNG,2019,54.53
Mongolia,MNG,2020,55.54
Montenegro,MNE,2006,28.14
Montenegro,MNE,2007,29.6
Montenegro,MNE,2008,31.04
Montenegro,MNE,2009,32.47
Montenegro,MNE,2010,33.88
Montenegro,MNE,2011,35.28
Montenegro,MNE,2012,36.66
Montenegro,MNE,2013,38.03
Montenegro,MNE,2014,39.38
Montenegro,MNE,2015,40.71
Montenegro,MNE,2016,42.03
Montenegro,MNE,2017,43.34
Montenegro,MNE,2018,44.62
Montenegro,MNE,2019,45.63
Montenegro,MNE,2020,45.44
Morocco,MAR,2000,32.15
Morocco,MAR,2001,32.49
Morocco,MAR,2002,33.02
Morocco,MAR,2003,33.57
Morocco,MAR,2004,34.13
Morocco,MAR,2005,34.5
Morocco,MAR,2006,34.83
Morocco,MAR,2007,35.16
Morocco,MAR,2008,35.48
Morocco,MAR,2009,35.81
Morocco,MAR,2010,36.13
Morocco,MAR,2011,36.46
Morocco,MAR,2012,36.78
Morocco,MAR,2013,37.1
Morocco,MAR,2014,37.42
Morocco,MAR,2015,37.74
Morocco,MAR,2016,38.06
Morocco,MAR,2017,38.38
Morocco,MAR,2018,38.69
Morocco,MAR,2019,39.01
Morocco,MAR,2020,39.32
Myanmar,MMR,2000,58.38
Myanmar,MMR,2001,58.92
Myanmar,MMR,2002,59.24
Myanmar,MMR,2003,59.56
Myanmar,MMR,2004,59.86
Myanmar,MMR,2005,60.17
Myanmar,MMR,2006,60.47
Myanmar,MMR,2007,60.76
Myanmar,MMR,2008,61.06
Myanmar,MMR,2009,61.05
Myanmar,MMR,2010,61.03
Myanmar,MMR,2011,61.02
Myanmar,MMR,2012,61
Myanmar,MMR,2013,60.98
Myanmar,MMR,2014,60.96
Myanmar,MMR,2015,60.93
Myanmar,MMR,2016,60.9
Myanmar,MMR,2017,60.86
Myanmar,MMR,2018,60.82
Myanmar,MMR,2019,60.77
Myanmar,MMR,2020,60.71
Nepal,NPL,2000,9.13
Nepal,NPL,2001,11.35
Nepal,NPL,2002,12.91
Nepal,NPL,2003,14.52
Nepal,NPL,2004,16.16
Nepal,NPL,2005,17.84
Nepal,NPL,2006,19.57
Nepal,NPL,2007,21.33
Nepal,NPL,2008,23.14
Nepal,NPL,2009,24.98
Nepal,NPL,2010,26.86
Nepal,NPL,2011,28.79
Nepal,NPL,2012,30.75
Nepal,NPL,2013,32.75
Nepal,NPL,2014,34.78
Nepal,NPL,2015,36.86
Nepal,NPL,2016,38.97
Nepal,NPL,2017,41.12
Nepal,NPL,2018,43.3
Nepal,NPL,2019,45.52
Nepal,NPL,2020,48.64
Netherlands,NLD,2000,97.44
Netherlands,NLD,2001,97.44
Netherlands,NLD,2002,97.44
Netherlands,NLD,2003,97.44
Netherlands,NLD,2004,97.45
Netherlands,NLD,2005,97.45
Netherlands,NLD,2006,97.45
Netherlands,NLD,2007,97.46
Netherlands,NLD,2008,97.46
Netherlands,NLD,2009,97.46
Netherlands,NLD,2010,97.47
Netherlands,NLD,2011,97.47
Netherlands,NLD,2012,97.47
Netherlands,NLD,2013,97.48
Netherlands,NLD,2014,97.48
Netherlands,NLD,2015,97.48
Netherlands,NLD,2016,97.49
Netherlands,NLD,2017,97.49
Netherlands,NLD,2018,97.49
Netherlands,NLD,2019,97.5
Netherlands,NLD,2020,97.5
New Zealand,NZL,2000,74.38
New Zealand,NZL,2001,74.93
New Zealand,NZL,2002,75.49
New Zealand,NZL,2003,76.04
New Zealand,NZL,2004,76.6
New Zealand,NZL,2005,77.15
New Zealand,NZL,2006,77.71
New Zealand,NZL,2007,78.27
New Zealand,NZL,2008,78.83
New Zealand,NZL,2009,79.4
New Zealand,NZL,2010,79.96
New Zealand,NZL,2011,80.53
New Zealand,NZL,2012,81.1
New Zealand,NZL,2013,81.14
New Zealand,NZL,2014,81.19
New Zealand,NZL,2015,81.23
New Zealand,NZL,2016,81.26
New Zealand,NZL,2017,81.3
New Zealand,NZL,2018,81.34
New Zealand,NZL,2019,81.37
New Zealand,NZL,2020,82.19
Niger,NER,2000,5.82
Niger,NER,2001,6.55
Niger,NER,2002,7.26
Niger,NER,2003,7.96
Niger,NER,2004,8.67
Niger,NER,2005,9.26
Niger,NER,2006,9.81
Niger,NER,2007,10.36
Niger,NER,2008,10.89
Niger,NER,2009,11.4
Niger,NER,2010,11.9
Niger,NER,2011,12.38
Niger,NER,2012,12.85
Niger,NER,2013,13.3
Niger,NER,2014,13.74
Niger,NER,2015,14.18
Niger,NER,2016,14.6
Niger,NER,2017,15.01
Niger,NER,2018,15.41
Niger,NER,2019,15.81
Niger,NER,2020,16.19
Nigeria,NGA,2000,21.3
Nigeria,NGA,2001,21.3
Nigeria,NGA,2002,21.66
Nigeria,NGA,2003,22.05
Nigeria,NGA,2004,22.44
Nigeria,NGA,2005,22.85
Nigeria,NGA,2006,23.27
Nigeria,NGA,2007,23.7
Nigeria,NGA,2008,24.14
Nigeria,NGA,2009,24.6
Nigeria,NGA,2010,25.07
Nigeria,NGA,2011,25.55
Nigeria,NGA,2012,26.05
Nigeria,NGA,2013,26.56
Nigeria,NGA,2014,27.08
Nigeria,NGA,2015,27.62
Nigeria,NGA,2016,28.17
Nigeria,NGA,2017,28.74
Nigeria,NGA,2018,29.31
Nigeria,NGA,2019,29.9
Nigeria,NGA,2020,30.51
North America and Europe,,2000,70.49
North America and Europe,,2001,70.67
North America and Europe,,2002,70.94
North America and Europe,,2003,71.22
North America and Europe,,2004,71.54
North America and Europe,,2005,71.85
North America and Europe,,2006,72.12
North America and Europe,,2007,72.43
North America and Europe,,2008,72.73
North America and Europe,,2009,73.14
North America and Europe,,2010,73.62
North America and Europe,,2011,74.1
North America and Europe,,2012,74.57
North America and Europe,,2013,75.03
North America and Europe,,2014,75.48
North America and Europe,,2015,75.91
North America and Europe,,2016,76.34
North America and Europe,,2017,76.76
North America and Europe,,2018,77.16
North America and Europe,,2019,77.52
North America and Europe,,2020,77.75
North Macedonia,MKD,2000,12.88
North Macedonia,MKD,2001,12.9
North Macedonia,MKD,2002,12.91
North Macedonia,MKD,2003,12.93
North Macedonia,MKD,2004,12.94
North Macedonia,MKD,2005,12.91
North Macedonia,MKD,2006,12.88
North Macedonia,MKD,2007,12.84
North Macedonia,MKD,2008,12.8
North Macedonia,MKD,2009,12.76
North Macedonia,MKD,2010,12.72
North Macedonia,MKD,2011,12.68
North Macedonia,MKD,2012,12.63
North Macedonia,MKD,2013,12.58
North Macedonia,MKD,2014,12.53
North Macedonia,MKD,2015,12.47
North Macedonia,MKD,2016,12.41
North Macedonia,MKD,2017,12.34
North Macedonia,MKD,2018,12.2
North Macedonia,MKD,2019,12.18
North Macedonia,MKD,2020,12.2
Norway,NOR,2000,58.56
Norway,NOR,2001,58.89
Norway,NOR,2002,59.23
Norway,NOR,2003,59.56
Norway,NOR,2004,59.9
Norway,NOR,2005,60.24
Norway,NOR,2006,60.57
Norway,NOR,2007,60.91
Norway,NOR,2008,61.25
Norway,NOR,2009,61.59
Norway,NOR,2010,61.93
Norway,NOR,2011,62.28
Norway,NOR,2012,62.62
Norway,NOR,2013,62.96
Norway,NOR,2014,63.31
Norway,NOR,2015,63.65
Norway,NOR,2016,64
Norway,NOR,2017,64.34
Norway,NOR,2018,64.69
Norway,NOR,2019,65.04
Norway,NOR,2020,65.39
Palestine,PSE,2000,43.62
Palestine,PSE,2001,43.76
Palestine,PSE,2002,43.89
Palestine,PSE,2003,44.03
Palestine,PSE,2004,44.35
Palestine,PSE,2005,44.74
Palestine,PSE,2006,45.67
Palestine,PSE,2007,47.12
Palestine,PSE,2008,48.57
Palestine,PSE,2009,50.04
Palestine,PSE,2010,51.51
Palestine,PSE,2011,52.99
Palestine,PSE,2012,54.49
Palestine,PSE,2013,55.99
Palestine,PSE,2014,57.49
Palestine,PSE,2015,59.01
Palestine,PSE,2016,60.53
Palestine,PSE,2017,62.06
Palestine,PSE,2018,63.6
Palestine,PSE,2019,65.14
Palestine,PSE,2020,66.69
Paraguay,PRY,2000,43.98
Paraguay,PRY,2001,44.94
Paraguay,PRY,2002,45.88
Paraguay,PRY,2003,46.78
Paraguay,PRY,2004,47.65
Paraguay,PRY,2005,48.52
Paraguay,PRY,2006,49.38
Paraguay,PRY,2007,50.23
Paraguay,PRY,2008,51.06
Paraguay,PRY,2009,51.89
Paraguay,PRY,2010,52.7
Paraguay,PRY,2011,53.5
Paraguay,PRY,2012,54.3
Paraguay,PRY,2013,55.08
Paraguay,PRY,2014,55.86
Paraguay,PRY,2015,56.63
Paraguay,PRY,2016,57.38
Paraguay,PRY,2017,58.13
Paraguay,PRY,2018,58.82
Paraguay,PRY,2019,59.52
Paraguay,PRY,2020,60.13
Peru,PER,2000,10.65
Peru,PER,2001,12.33
Peru,PER,2002,14.07
Peru,PER,2003,15.85
Peru,PER,2004,17.68
Peru,PER,2005,19.55
Peru,PER,2006,21.48
Peru,PER,2007,23.45
Peru,PER,2008,25.45
Peru,PER,2009,27.5
Peru,PER,2010,29.59
Peru,PER,2011,31.72
Peru,PER,2012,33.89
Peru,PER,2013,36.11
Peru,PER,2014,38.37
Peru,PER,2015,40.67
Peru,PER,2016,43.01
Peru,PER,2017,45.4
Peru,PER,2018,47.83
Peru,PER,2019,50.3
Peru,PER,2020,52.81
Philippines,PHL,2000,43.18
Philippines,PHL,2001,43.52
Philippines,PHL,2002,43.87
Philippines,PHL,2003,44.22
Philippines,PHL,2004,44.57
Philippines,PHL,2005,44.92
Philippines,PHL,2006,45.27
Philippines,PHL,2007,46.22
Philippines,PHL,2008,47.19
Philippines,PHL,2009,48.16
Philippines,PHL,2010,49.15
Philippines,PHL,2011,50.24
Philippines,PHL,2012,51.36
Philippines,PHL,2013,52.49
Philippines,PHL,2014,53.62
Philippines,PHL,2015,54.77
Philippines,PHL,2016,55.93
Philippines,PHL,2017,57.1
Philippines,PHL,2018,58.27
Philippines,PHL,2019,59.45
Philippines,PHL,2020,60.64
Poland,POL,2000,79.27
Poland,POL,2001,79.9
Poland,POL,2002,80.53
Poland,POL,2003,81.11
Poland,POL,2004,81.76
Poland,POL,2005,82.41
Poland,POL,2006,83.06
Poland,POL,2007,83.72
Poland,POL,2008,84.38
Poland,POL,2009,85.04
Poland,POL,2010,85.7
Poland,POL,2011,86.37
Poland,POL,2012,87.04
Poland,POL,2013,87.71
Poland,POL,2014,88.39
Poland,POL,2015,89.06
Poland,POL,2016,89.75
Poland,POL,2017,90.16
Poland,POL,2018,90.35
Poland,POL,2019,90.48
Poland,POL,2020,90.54
Portugal,PRT,2000,50.67
Portugal,PRT,2001,50.84
Portugal,PRT,2002,51.01
Portugal,PRT,2003,51.17
Portugal,PRT,2004,53.34
Portugal,PRT,2005,55.53
Portugal,PRT,2006,57.73
Portugal,PRT,2007,59.94
Portugal,PRT,2008,62.17
Portugal,PRT,2009,64.42
Portugal,PRT,2010,66.68
Portugal,PRT,2011,68.95
Portugal,PRT,2012,71.23
Portugal,PRT,2013,73.53
Portugal,PRT,2014,75.85
Portugal,PRT,2015,78.17
Portugal,PRT,2016,80.51
Portugal,PRT,2017,82.78
Portugal,PRT,2018,84.83
Portugal,PRT,2019,84.96
Portugal,PRT,2020,85.08
Puerto Rico,PRI,2000,32.54
Puerto Rico,PRI,2001,32.54
Puerto Rico,PRI,2002,32.53
Puerto Rico,PRI,2003,32.53
Puerto Rico,PRI,2004,32.53
Puerto Rico,PRI,2005,32.53
Puerto Rico,PRI,2006,32.53
Puerto Rico,PRI,2007,32.52
Puerto Rico,PRI,2008,32.52
Puerto Rico,PRI,2009,32.52
Puerto Rico,PRI,2010,32.52
Puerto Rico,PRI,2011,32.51
Puerto Rico,PRI,2012,32.51
Puerto Rico,PRI,2013,32.51
Puerto Rico,PRI,2014,32.51
Puerto Rico,PRI,2015,32.51
Puerto Rico,PRI,2016,32.51
Puerto Rico,PRI,2017,32.51
Puerto Rico,PRI,2018,32.51
Puerto Rico,PRI,2019,32.51
Puerto Rico,PRI,2020,32.51
Qatar,QAT,2000,71.1
Qatar,QAT,2001,71.1
Qatar,QAT,2002,71.1
Qatar,QAT,2003,71.1
Qatar,QAT,2004,71.1
Qatar,QAT,2005,71.1
Qatar,QAT,2006,71.1
Qatar,QAT,2007,71.1
Qatar,QAT,2008,71.1
Qatar,QAT,2009,74
Qatar,QAT,2010,76.9
Qatar,QAT,2011,79.8
Qatar,QAT,2012,82.7
Qatar,QAT,2013,85.6
Qatar,QAT,2014,88.5
Qatar,QAT,2015,91.4
Qatar,QAT,2016,94.3
Qatar,QAT,2017,97.2
Qatar,QAT,2018,97.2
Qatar,QAT,2019,97.2
Qatar,QAT,2020,97.2
Romania,ROU,2001,51.99
Romania,ROU,2002,51.97
Romania,ROU,2003,52.01
Romania,ROU,2004,52.82
Romania,ROU,2005,53.69
Romania,ROU,2006,55.28
Romania,ROU,2007,56.94
Romania,ROU,2008,58.67
Romania,ROU,2009,60.48
Romania,ROU,2010,62.36
Romania,ROU,2011,64.31
Romania,ROU,2012,66.3
Romania,ROU,2013,68.36
Romania,ROU,2014,70.49
Romania,ROU,2015,72.7
Romania,ROU,2016,74.99
Romania,ROU,2017,77.36
Romania,ROU,2018,79.81
Romania,ROU,2019,82.34
Romania,ROU,2020,83.14
Russia,RUS,2000,55.38
Russia,RUS,2001,55.64
Russia,RUS,2002,55.91
Russia,RUS,2003,56.19
Russia,RUS,2004,56.47
Russia,RUS,2005,56.75
Russia,RUS,2006,57.03
Russia,RUS,2007,57.31
Russia,RUS,2008,57.6
Russia,RUS,2009,57.88
Russia,RUS,2010,58.16
Russia,RUS,2011,58.44
Russia,RUS,2012,58.73
Russia,RUS,2013,59.02
Russia,RUS,2014,59.31
Russia,RUS,2015,59.6
Russia,RUS,2016,59.9
Russia,RUS,2017,60.19
Russia,RUS,2018,60.49
Russia,RUS,2019,60.65
Russia,RUS,2020,60.82
Samoa,WSM,2000,47.83
Samoa,WSM,2001,47.82
Samoa,WSM,2002,47.83
Samoa,WSM,2003,47.86
Samoa,WSM,2004,47.89
Samoa,WSM,2005,48.06
Samoa,WSM,2006,48.24
Samoa,WSM,2007,48.41
Samoa,WSM,2008,48.34
Samoa,WSM,2009,48.27
Samoa,WSM,2010,48.2
Samoa,WSM,2011,48.13
Samoa,WSM,2012,48.06
Samoa,WSM,2013,48
Samoa,WSM,2014,47.93
Samoa,WSM,2015,47.87
Samoa,WSM,2016,47.8
Samoa,WSM,2017,47.74
Samoa,WSM,2018,47.67
Samoa,WSM,2019,47.7
Samoa,WSM,2020,47.72
San Marino,SMR,2000,70.37
San Marino,SMR,2001,70.37
San Marino,SMR,2002,70.37
San Marino,SMR,2003,70.37
San Marino,SMR,2004,70.37
San Marino,SMR,2005,70.37
San Marino,SMR,2006,70.37
San Marino,SMR,2007,70.37
San Marino,SMR,2008,70.37
San Marino,SMR,2009,70.37
San Marino,SMR,2010,70.37
San Marino,SMR,2011,70.37
San Marino,SMR,2012,70.37
San Marino,SMR,2013,70.37
San Marino,SMR,2014,70.37
San Marino,SMR,2015,70.37
San Marino,SMR,2016,70.37
San Marino,SMR,2017,70.37
San Marino,SMR,2018,70.37
San Marino,SMR,2019,70.37
San Marino,SMR,2020,70.37
Sao Tome and Principe,STP,2000,12.66
Sao Tome and Principe,STP,2001,13.73
Sao Tome and Principe,STP,2002,14.82
Sao Tome and Principe,STP,2003,15.91
Sao Tome and Principe,STP,2004,17.01
Sao Tome and Principe,STP,2005,18.07
Sao Tome and Principe,STP,2006,19.14
Sao Tome and Principe,STP,2007,20.22
Sao Tome and Principe,STP,2008,21.31
Sao Tome and Principe,STP,2009,22.4
Sao Tome and Principe,STP,2010,23.5
Sao Tome and Principe,STP,2011,24.6
Sao Tome and Principe,STP,2012,25.71
Sao Tome and Principe,STP,2013,26.82
Sao Tome and Principe,STP,2014,27.94
Sao Tome and Principe,STP,2015,29.05
Sao Tome and Principe,STP,2016,30.17
Sao Tome and Principe,STP,2017,31.29
Sao Tome and Principe,STP,2018,32.41
Sao Tome and Principe,STP,2019,33.54
Sao Tome and Principe,STP,2020,34.66
Saudi Arabia,SAU,2000,37.29
Saudi Arabia,SAU,2001,37.29
Saudi Arabia,SAU,2002,37.29
Saudi Arabia,SAU,2003,38.5
Saudi Arabia,SAU,2004,39.71
Saudi Arabia,SAU,2005,40.92
Saudi Arabia,SAU,2006,42.13
Saudi Arabia,SAU,2007,43.34
Saudi Arabia,SAU,2008,44.55
Saudi Arabia,SAU,2009,45.76
Saudi Arabia,SAU,2010,46.98
Saudi Arabia,SAU,2011,48.19
Saudi Arabia,SAU,2012,49.4
Saudi Arabia,SAU,2013,50.61
Saudi Arabia,SAU,2014,51.82
Saudi Arabia,SAU,2015,53.03
Saudi Arabia,SAU,2016,54.24
Saudi Arabia,SAU,2017,55.46
Saudi Arabia,SAU,2018,56.61
Saudi Arabia,SAU,2019,57.85
Saudi Arabia,SAU,2020,59.11
Senegal,SEN,2000,13.95
Senegal,SEN,2001,14.29
Senegal,SEN,2002,14.64
Senegal,SEN,2003,14.99
Senegal,SEN,2004,15.33
Senegal,SEN,2005,15.68
Senegal,SEN,2006,16.02
Senegal,SEN,2007,16.36
Senegal,SEN,2008,16.7
Senegal,SEN,2009,17.04
Senegal,SEN,2010,17.68
Senegal,SEN,2011,18.32
Senegal,SEN,2012,18.97
Senegal,SEN,2013,19.63
Senegal,SEN,2014,20.3
Senegal,SEN,2015,20.98
Senegal,SEN,2016,21.66
Senegal,SEN,2017,22.36
Senegal,SEN,2018,23.06
Senegal,SEN,2019,23.76
Senegal,SEN,2020,24.12
Serbia,SRB,2000,22.77
Serbia,SRB,2001,22.41
Serbia,SRB,2002,22.05
Serbia,SRB,2003,21.7
Serbia,SRB,2004,21.35
Serbia,SRB,2005,20.99
Serbia,SRB,2006,20.72
Serbia,SRB,2007,20.44
Serbia,SRB,2008,20.17
Serbia,SRB,2009,19.91
Serbia,SRB,2010,19.64
Serbia,SRB,2011,19.39
Serbia,SRB,2012,19.2
Serbia,SRB,2013,19.01
Serbia,SRB,2014,18.83
Serbia,SRB,2015,18.65
Serbia,SRB,2016,18.47
Serbia,SRB,2017,18.29
Serbia,SRB,2018,18.11
Serbia,SRB,2019,18.23
Serbia,SRB,2020,18.35
Sierra Leone,SLE,2000,8.75
Sierra Leone,SLE,2001,9.03
Sierra Leone,SLE,2002,9.3
Sierra Leone,SLE,2003,9.57
Sierra Leone,SLE,2004,9.81
Sierra Leone,SLE,2005,10.07
Sierra Leone,SLE,2006,10.33
Sierra Leone,SLE,2007,10.6
Sierra Leone,SLE,2008,10.86
Sierra Leone,SLE,2009,11.12
Sierra Leone,SLE,2010,11.39
Sierra Leone,SLE,2011,11.65
Sierra Leone,SLE,2012,11.92
Sierra Leone,SLE,2013,12.18
Sierra Leone,SLE,2014,12.45
Sierra Leone,SLE,2015,12.71
Sierra Leone,SLE,2016,12.98
Sierra Leone,SLE,2017,13.25
Sierra Leone,SLE,2018,13.51
Sierra Leone,SLE,2019,13.78
Sierra Leone,SLE,2020,14.05
Singapore,SGP,2000,100
Singapore,SGP,2001,100
Singapore,SGP,2002,100
Singapore,SGP,2003,100
Singapore,SGP,2004,100
Singapore,SGP,2005,100
Singapore,SGP,2006,100
Singapore,SGP,2007,100
Singapore,SGP,2008,100
Singapore,SGP,2009,100
Singapore,SGP,2010,100
Singapore,SGP,2011,100
Singapore,SGP,2012,100
Singapore,SGP,2013,100
Singapore,SGP,2014,100
Singapore,SGP,2015,100
Singapore,SGP,2016,100
Singapore,SGP,2017,100
Singapore,SGP,2018,100
Singapore,SGP,2019,100
Singapore,SGP,2020,100
Slovakia,SVK,2000,85.62
Slovakia,SVK,2001,85.62
Slovakia,SVK,2002,85.6
Slovakia,SVK,2003,85.44
Slovakia,SVK,2004,85.17
Slovakia,SVK,2005,84.9
Slovakia,SVK,2006,84.63
Slovakia,SVK,2007,84.36
Slovakia,SVK,2008,84.08
Slovakia,SVK,2009,83.81
Slovakia,SVK,2010,83.52
Slovakia,SVK,2011,83.24
Slovakia,SVK,2012,82.97
Slovakia,SVK,2013,82.69
Slovakia,SVK,2014,82.42
Slovakia,SVK,2015,82.32
Slovakia,SVK,2016,82.22
Slovakia,SVK,2017,82.13
Slovakia,SVK,2018,82.03
Slovakia,SVK,2019,81.93
Slovakia,SVK,2020,81.93
Slovenia,SVN,2000,24.69
Slovenia,SVN,2001,26.72
Slovenia,SVN,2002,28.81
Slovenia,SVN,2003,30.95
Slovenia,SVN,2004,33.14
Slovenia,SVN,2005,35.41
Slovenia,SVN,2006,37.72
Slovenia,SVN,2007,40.1
Slovenia,SVN,2008,42.53
Slovenia,SVN,2009,45.02
Slovenia,SVN,2010,47.57
Slovenia,SVN,2011,50.17
Slovenia,SVN,2012,52.83
Slovenia,SVN,2013,55.55
Slovenia,SVN,2014,58.32
Slovenia,SVN,2015,61.42
Slovenia,SVN,2016,65.21
Slovenia,SVN,2017,68.07
Slovenia,SVN,2018,69.23
Slovenia,SVN,2019,70.39
Slovenia,SVN,2020,71.55
Somalia,SOM,2000,15.64
Somalia,SOM,2001,16.15
Somalia,SOM,2002,16.66
Somalia,SOM,2003,17.28
Somalia,SOM,2004,17.9
Somalia,SOM,2005,18.73
Somalia,SOM,2006,19.57
Somalia,SOM,2007,19.48
Somalia,SOM,2008,20.53
Somalia,SOM,2009,21.6
Somalia,SOM,2010,22.69
Somalia,SOM,2011,23.79
Somalia,SOM,2012,24.6
Somalia,SOM,2013,25.43
Somalia,SOM,2014,26.27
Somalia,SOM,2015,27.12
Somalia,SOM,2016,27.98
Somalia,SOM,2017,28.85
Somalia,SOM,2018,29.73
Somalia,SOM,2019,30.62
Somalia,SOM,2020,31.52
South Korea,KOR,2000,75.61
South Korea,KOR,2001,76.9
South Korea,KOR,2002,78.19
South Korea,KOR,2003,79.49
South Korea,KOR,2004,80.79
South Korea,KOR,2005,82.09
South Korea,KOR,2006,83.4
South Korea,KOR,2007,84.7
South Korea,KOR,2008,86.01
South Korea,KOR,2009,87.32
South Korea,KOR,2010,88.63
South Korea,KOR,2011,89.94
South Korea,KOR,2012,91.26
South Korea,KOR,2013,92.58
South Korea,KOR,2014,93.9
South Korea,KOR,2015,95.22
South Korea,KOR,2016,96.52
South Korea,KOR,2017,97.74
South Korea,KOR,2018,98.96
South Korea,KOR,2019,99.94
South Korea,KOR,2020,99.94
Spain,ESP,2000,94.01
Spain,ESP,2001,93.83
Spain,ESP,2002,93.64
Spain,ESP,2003,93.46
Spain,ESP,2004,93.38
Spain,ESP,2005,93.57
Spain,ESP,2006,93.76
Spain,ESP,2007,93.95
Spain,ESP,2008,94.14
Spain,ESP,2009,94.34
Spain,ESP,2010,94.53
Spain,ESP,2011,94.72
Spain,ESP,2012,94.91
Spain,ESP,2013,95.1
Spain,ESP,2014,95.29
Spain,ESP,2015,95.48
Spain,ESP,2016,95.67
Spain,ESP,2017,95.67
Spain,ESP,2018,95.67
Spain,ESP,2019,95.67
Spain,ESP,2020,95.67
Sub-Saharan Africa,,2000,14.3
Sub-Saharan Africa,,2001,14.59
Sub-Saharan Africa,,2002,14.93
Sub-Saharan Africa,,2003,15.28
Sub-Saharan Africa,,2004,15.63
Sub-Saharan Africa,,2005,15.99
Sub-Saharan Africa,,2006,16.36
Sub-Saharan Africa,,2007,16.71
Sub-Saharan Africa,,2008,17.08
Sub-Saharan Africa,,2009,17.43
Sub-Saharan Africa,,2010,17.79
Sub-Saharan Africa,,2011,18
Sub-Saharan Africa,,2012,18.35
Sub-Saharan Africa,,2013,18.71
Sub-Saharan Africa,,2014,19.06
Sub-Saharan Africa,,2015,19.42
Sub-Saharan Africa,,2016,19.79
Sub-Saharan Africa,,2017,20.19
Sub-Saharan Africa,,2018,20.48
Sub-Saharan Africa,,2019,20.82
Sub-Saharan Africa,,2020,21.06
Suriname,SUR,2000,29.47
Suriname,SUR,2001,29.71
Suriname,SUR,2002,29.95
Suriname,SUR,2003,30.19
Suriname,SUR,2004,30.43
Suriname,SUR,2005,30.12
Suriname,SUR,2006,29.81
Suriname,SUR,2007,29.5
Suriname,SUR,2008,29.18
Suriname,SUR,2009,28.86
Suriname,SUR,2010,28.53
Suriname,SUR,2011,28.2
Suriname,SUR,2012,27.87
Suriname,SUR,2013,27.53
Suriname,SUR,2014,27.19
Suriname,SUR,2015,26.83
Suriname,SUR,2016,26.47
Suriname,SUR,2017,26.11
Suriname,SUR,2018,25.74
Suriname,SUR,2019,25.36
Suriname,SUR,2020,25.18
Sweden,SWE,2000,92.98
Sweden,SWE,2001,93.05
Sweden,SWE,2002,93.12
Sweden,SWE,2003,93.19
Sweden,SWE,2004,93.25
Sweden,SWE,2005,93.32
Sweden,SWE,2006,93.4
Sweden,SWE,2007,93.47
Sweden,SWE,2008,93.62
Sweden,SWE,2009,93.75
Sweden,SWE,2010,93.88
Sweden,SWE,2011,94.02
Sweden,SWE,2012,94.15
Sweden,SWE,2013,94.29
Sweden,SWE,2014,94.42
Sweden,SWE,2015,94.55
Sweden,SWE,2016,94.67
Sweden,SWE,2017,94.79
Sweden,SWE,2018,94.85
Sweden,SWE,2019,94.92
Sweden,SWE,2020,94.93
Switzerland,CHE,2000,99.62
Switzerland,CHE,2001,99.61
Switzerland,CHE,2002,99.62
Switzerland,CHE,2003,99.62
Switzerland,CHE,2004,99.62
Switzerland,CHE,2005,99.62
Switzerland,CHE,2006,99.62
Switzerland,CHE,2007,99.62
Switzerland,CHE,2008,99.62
Switzerland,CHE,2009,99.62
Switzerland,CHE,2010,99.62
Switzerland,CHE,2011,99.62
Switzerland,CHE,2012,99.62
Switzerland,CHE,2013,99.63
Switzerland,CHE,2014,99.63
Switzerland,CHE,2015,99.63
Switzerland,CHE,2016,99.64
Switzerland,CHE,2017,99.64
Switzerland,CHE,2018,99.64
Switzerland,CHE,2019,99.64
Switzerland,CHE,2020,99.65
Tanzania,TZA,2000,4.69
Tanzania,TZA,2001,5.92
Tanzania,TZA,2002,7.15
Tanzania,TZA,2003,8.4
Tanzania,TZA,2004,9.64
Tanzania,TZA,2005,10.89
Tanzania,TZA,2006,12.14
Tanzania,TZA,2007,13.41
Tanzania,TZA,2008,14.67
Tanzania,TZA,2009,15.81
Tanzania,TZA,2010,16.94
Tanzania,TZA,2011,17.98
Tanzania,TZA,2012,19
Tanzania,TZA,2013,20.02
Tanzania,TZA,2014,21.04
Tanzania,TZA,2015,22.07
Tanzania,TZA,2016,23.11
Tanzania,TZA,2017,24.14
Tanzania,TZA,2018,25.19
Tanzania,TZA,2019,26.24
Tanzania,TZA,2020,26.33
Thailand,THA,2000,19.92
Thailand,THA,2001,20.05
Thailand,THA,2002,20.19
Thailand,THA,2003,20.34
Thailand,THA,2004,20.5
Thailand,THA,2005,20.83
Thailand,THA,2006,21.17
Thailand,THA,2007,21.51
Thailand,THA,2008,21.86
Thailand,THA,2009,22.21
Thailand,THA,2010,22.57
Thailand,THA,2011,22.91
Thailand,THA,2012,23.24
Thailand,THA,2013,23.58
Thailand,THA,2014,23.91
Thailand,THA,2015,24.26
Thailand,THA,2016,24.6
Thailand,THA,2017,24.94
Thailand,THA,2018,25.28
Thailand,THA,2019,25.61
Thailand,THA,2020,25.93
Togo,TGO,2000,5.53
Togo,TGO,2001,5.72
Togo,TGO,2002,5.9
Togo,TGO,2003,6.08
Togo,TGO,2004,6.27
Togo,TGO,2005,6.45
Togo,TGO,2006,6.63
Togo,TGO,2007,6.81
Togo,TGO,2008,6.99
Togo,TGO,2009,7.17
Togo,TGO,2010,7.36
Togo,TGO,2011,7.55
Togo,TGO,2012,7.74
Togo,TGO,2013,7.93
Togo,TGO,2014,8.13
Togo,TGO,2015,8.32
Togo,TGO,2016,8.52
Togo,TGO,2017,8.71
Togo,TGO,2018,8.91
Togo,TGO,2019,9.1
Togo,TGO,2020,9.13
Tonga,TON,2000,33.24
Tonga,TON,2001,33.24
Tonga,TON,2002,33.24
Tonga,TON,2003,33.24
Tonga,TON,2004,33.24
Tonga,TON,2005,33.79
Tonga,TON,2006,34.34
Tonga,TON,2007,34.89
Tonga,TON,2008,35.43
Tonga,TON,2009,35.97
Tonga,TON,2010,36.41
Tonga,TON,2011,36.34
Tonga,TON,2012,36.14
Tonga,TON,2013,35.85
Tonga,TON,2014,35.56
Tonga,TON,2015,35.27
Tonga,TON,2016,34.97
Tonga,TON,2017,34.68
Tonga,TON,2018,34.39
Tonga,TON,2019,34.1
Tonga,TON,2020,33.8
Tunisia,TUN,2000,54.33
Tunisia,TUN,2001,55.13
Tunisia,TUN,2002,56.16
Tunisia,TUN,2003,57.52
Tunisia,TUN,2004,58.88
Tunisia,TUN,2005,60.22
Tunisia,TUN,2006,61.58
Tunisia,TUN,2007,62.95
Tunisia,TUN,2008,64.33
Tunisia,TUN,2009,65.72
Tunisia,TUN,2010,67.13
Tunisia,TUN,2011,68.55
Tunisia,TUN,2012,69.99
Tunisia,TUN,2013,71.43
Tunisia,TUN,2014,72.89
Tunisia,TUN,2015,74.36
Tunisia,TUN,2016,75.85
Tunisia,TUN,2017,77.35
Tunisia,TUN,2018,78.48
Tunisia,TUN,2019,79.62
Tunisia,TUN,2020,80.76
Turkey,TUR,2000,58.97
Turkey,TUR,2001,59.04
Turkey,TUR,2002,59.61
Turkey,TUR,2003,60.17
Turkey,TUR,2004,61.42
Turkey,TUR,2005,62.66
Turkey,TUR,2006,63.9
Turkey,TUR,2007,65.02
Turkey,TUR,2008,66.13
Turkey,TUR,2009,67.26
Turkey,TUR,2010,68.39
Turkey,TUR,2011,69.53
Turkey,TUR,2012,70.68
Turkey,TUR,2013,71.84
Turkey,TUR,2014,72.99
Turkey,TUR,2015,74.16
Turkey,TUR,2016,75.33
Turkey,TUR,2017,76.5
Turkey,TUR,2018,77.69
Turkey,TUR,2019,78.06
Turkey,TUR,2020,78.43
Tuvalu,TUV,2001,4.74
Tuvalu,TUV,2002,4.74
Tuvalu,TUV,2003,4.74
Tuvalu,TUV,2004,4.74
Tuvalu,TUV,2005,4.74
Tuvalu,TUV,2006,5.04
Tuvalu,TUV,2007,5.33
Tuvalu,TUV,2008,5.61
Tuvalu,TUV,2009,5.89
Tuvalu,TUV,2010,6.15
Tuvalu,TUV,2011,6.41
Tuvalu,TUV,2012,6.66
Tuvalu,TUV,2013,6.5
Tuvalu,TUV,2014,6.2
Tuvalu,TUV,2015,6.17
Tuvalu,TUV,2016,6.15
Tuvalu,TUV,2017,6.13
Tuvalu,TUV,2018,6.12
Ukraine,UKR,2000,42.25
Ukraine,UKR,2001,42.36
Ukraine,UKR,2002,42.84
Ukraine,UKR,2003,43.31
Ukraine,UKR,2004,43.8
Ukraine,UKR,2005,44.28
Ukraine,UKR,2006,44.77
Ukraine,UKR,2007,45.25
Ukraine,UKR,2008,45.74
Ukraine,UKR,2009,48.56
Ukraine,UKR,2010,51.39
Ukraine,UKR,2011,54.2
Ukraine,UKR,2012,56.99
Ukraine,UKR,2013,59.74
Ukraine,UKR,2014,62.42
Ukraine,UKR,2015,64.83
Ukraine,UKR,2016,67.26
Ukraine,UKR,2017,69.69
Ukraine,UKR,2018,71.99
Ukraine,UKR,2019,71.98
Ukraine,UKR,2020,71.96
United Arab Emirates,ARE,2002,74.57
United Arab Emirates,ARE,2003,74.57
United Arab Emirates,ARE,2004,74.57
United Arab Emirates,ARE,2005,74.57
United Arab Emirates,ARE,2006,74.57
United Arab Emirates,ARE,2007,76.12
United Arab Emirates,ARE,2008,77.67
United Arab Emirates,ARE,2009,79.69
United Arab Emirates,ARE,2010,81.71
United Arab Emirates,ARE,2011,83.74
United Arab Emirates,ARE,2012,85.76
United Arab Emirates,ARE,2013,87.78
United Arab Emirates,ARE,2014,89.81
United Arab Emirates,ARE,2015,91.83
United Arab Emirates,ARE,2016,93.85
United Arab Emirates,ARE,2017,95.88
United Arab Emirates,ARE,2018,97.9
United Arab Emirates,ARE,2019,99.15
United Arab Emirates,ARE,2020,99.23
United Kingdom,GBR,2000,97.74
United Kingdom,GBR,2001,97.75
United Kingdom,GBR,2002,97.76
United Kingdom,GBR,2003,97.78
United Kingdom,GBR,2004,97.79
United Kingdom,GBR,2005,97.81
United Kingdom,GBR,2006,97.82
United Kingdom,GBR,2007,97.85
United Kingdom,GBR,2008,97.88
United Kingdom,GBR,2009,97.9
United Kingdom,GBR,2010,97.93
United Kingdom,GBR,2011,97.95
United Kingdom,GBR,2012,97.98
United Kingdom,GBR,2013,98
United Kingdom,GBR,2014,98.01
United Kingdom,GBR,2015,98.03
United Kingdom,GBR,2016,98.04
United Kingdom,GBR,2017,98.05
United Kingdom,GBR,2018,98.07
United Kingdom,GBR,2019,98.08
United Kingdom,GBR,2020,98.1
United States,USA,2000,97.51
United States,USA,2001,97.57
United States,USA,2002,97.64
United States,USA,2003,97.7
United States,USA,2004,97.76
United States,USA,2005,97.83
United States,USA,2006,97.89
United States,USA,2007,97.96
United States,USA,2008,98.02
United States,USA,2009,98.09
United States,USA,2010,98.14
United States,USA,2011,98.18
United States,USA,2012,98.24
United States,USA,2013,98.29
United States,USA,2014,98.34
United States,USA,2015,98.32
United States,USA,2016,98.31
United States,USA,2017,98.3
United States,USA,2018,98.29
United States,USA,2019,98.28
United States,USA,2020,98.26
Upper-middle income,,2000,16.86
Upper-middle income,,2001,17.13
Upper-middle income,,2002,17.66
Upper-middle income,,2003,18.95
Upper-middle income,,2004,20.35
Upper-middle income,,2005,21.77
Upper-middle income,,2006,23.34
Upper-middle income,,2007,24.99
Upper-middle income,,2008,26.7
Upper-middle income,,2009,31.82
Upper-middle income,,2010,33.69
Upper-middle income,,2011,35.62
Upper-middle income,,2012,37.63
Upper-middle income,,2013,39.69
Upper-middle income,,2014,41.8
Upper-middle income,,2015,43.96
Upper-middle income,,2016,46.16
Upper-middle income,,2017,48.41
Upper-middle income,,2018,50.68
Upper-middle income,,2019,52.97
Upper-middle income,,2020,54.05
Venezuela,VEN,2005,21.81
Venezuela,VEN,2006,21.56
Venezuela,VEN,2007,21.32
Venezuela,VEN,2008,21.08
Venezuela,VEN,2009,20.73
Venezuela,VEN,2010,20.94
Venezuela,VEN,2011,21.15
Venezuela,VEN,2012,21.37
Venezuela,VEN,2013,21.58
Venezuela,VEN,2014,21.79
Venezuela,VEN,2015,22
Venezuela,VEN,2016,22.22
Venezuela,VEN,2017,22.43
Venezuela,VEN,2018,22.64
Venezuela,VEN,2019,22.85
Venezuela,VEN,2020,23.07
Western Asia and Northern Africa,,2000,24.79
Western Asia and Northern Africa,,2001,25.23
Western Asia and Northern Africa,,2002,25.89
Western Asia and Northern Africa,,2003,26.49
Western Asia and Northern Africa,,2004,27.23
Western Asia and Northern Africa,,2005,28.05
Western Asia and Northern Africa,,2006,28.92
Western Asia and Northern Africa,,2007,29.94
Western Asia and Northern Africa,,2008,30.97
Western Asia and Northern Africa,,2009,31.99
Western Asia and Northern Africa,,2010,32.97
Western Asia and Northern Africa,,2011,33.88
Western Asia and Northern Africa,,2012,34.73
Western Asia and Northern Africa,,2013,35.55
Western Asia and Northern Africa,,2014,36.37
Western Asia and Northern Africa,,2015,37.22
Western Asia and Northern Africa,,2016,38.05
Western Asia and Northern Africa,,2017,38.88
Western Asia and Northern Africa,,2018,39.69
Western Asia and Northern Africa,,2019,40.36
Western Asia and Northern Africa,,2020,41.73
World,OWID_WRL,2000,28.64
World,OWID_WRL,2001,29.14
World,OWID_WRL,2002,29.75
World,OWID_WRL,2003,30.85
World,OWID_WRL,2004,32.14
World,OWID_WRL,2005,33.26
World,OWID_WRL,2006,34.51
World,OWID_WRL,2007,35.83
World,OWID_WRL,2008,37.17
World,OWID_WRL,2009,38.54
World,OWID_WRL,2010,39.95
World,OWID_WRL,2011,41.31
World,OWID_WRL,2012,42.75
World,OWID_WRL,2013,44.2
World,OWID_WRL,2014,45.67
World,OWID_WRL,2015,47.14
World,OWID_WRL,2016,48.63
World,OWID_WRL,2017,50.12
World,OWID_WRL,2018,51.59
World,OWID_WRL,2019,53.02
World,OWID_WRL,2020,53.95
Yemen,YEM,2000,24.77
Yemen,YEM,2001,24.89
Yemen,YEM,2002,25.01
Yemen,YEM,2003,24.63
Yemen,YEM,2004,24.1
Yemen,YEM,2005,23.48
Yemen,YEM,2006,22.86
Yemen,YEM,2007,22.24
Yemen,YEM,2008,21.62
Yemen,YEM,2009,20.99
Yemen,YEM,2010,20.36
Yemen,YEM,2011,19.72
Yemen,YEM,2012,19.09
Yemen,YEM,2013,18.45
Yemen,YEM,2014,17.81
Yemen,YEM,2015,17.43
Yemen,YEM,2016,17.72
Yemen,YEM,2017,18.01
Yemen,YEM,2018,18.29
Yemen,YEM,2019,18.57
Yemen,YEM,2020,18.84
Zimbabwe,ZWE,2000,30.37
Zimbabwe,ZWE,2001,30.34
Zimbabwe,ZWE,2002,30.36
Zimbabwe,ZWE,2003,30.4
Zimbabwe,ZWE,2004,30.44
Zimbabwe,ZWE,2005,30.13
Zimbabwe,ZWE,2006,29.83
Zimbabwe,ZWE,2007,29.53
Zimbabwe,ZWE,2008,29.23
Zimbabwe,ZWE,2009,28.94
Zimbabwe,ZWE,2010,28.64
Zimbabwe,ZWE,2011,28.35
Zimbabwe,ZWE,2012,28.05
Zimbabwe,ZWE,2013,27.76
Zimbabwe,ZWE,2014,27.47
Zimbabwe,ZWE,2015,27.18
Zimbabwe,ZWE,2016,26.88
Zimbabwe,ZWE,2017,26.58
Zimbabwe,ZWE,2018,26.27
Zimbabwe,ZWE,2019,25.96
Zimbabwe,ZWE,2020,25.65